Table 1,,,,,,,,
,Post menstrual age,,Gender,Parameter,,L,M,S
fenton_2025,22.5,weeks,f,head_circ,cm,1,19.4468341,0.067534449
fenton_2025,22.57142857,weeks,f,head_circ,cm,1,19.51223903,0.067325974
fenton_2025,22.71428571,weeks,f,head_circ,cm,1,19.66436581,0.06684136
fenton_2025,22.85714286,weeks,f,head_circ,cm,1,19.81656037,0.066357389
fenton_2025,23,weeks,f,head_circ,cm,1,19.9688679,0.06587449
fenton_2025,23.14285714,weeks,f,head_circ,cm,1,20.12133359,0.065393091
fenton_2025,23.28571429,weeks,f,head_circ,cm,1,20.27400262,0.064913622
fenton_2025,23.42857143,weeks,f,head_circ,cm,1,20.42692019,0.064436511
fenton_2025,23.57142857,weeks,f,head_circ,cm,1,20.58012819,0.063962235
fenton_2025,23.71428571,weeks,f,head_circ,cm,1,20.73359279,0.063492382
fenton_2025,23.85714286,weeks,f,head_circ,cm,1,20.88720444,0.063029654
fenton_2025,24,weeks,f,head_circ,cm,1,21.04085032,0.062576797
fenton_2025,24.14285714,weeks,f,head_circ,cm,1,21.19441759,0.062136561
fenton_2025,24.28571429,weeks,f,head_circ,cm,1,21.3477934,0.061711694
fenton_2025,24.42857143,weeks,f,head_circ,cm,1,21.50086492,0.061304944
fenton_2025,24.57142857,weeks,f,head_circ,cm,1,21.65352275,0.060919023
fenton_2025,24.71428571,weeks,f,head_circ,cm,1,21.80573626,0.0605558
fenton_2025,24.85714286,weeks,f,head_circ,cm,1,21.95755365,0.060216302
fenton_2025,25,weeks,f,head_circ,cm,1,22.10902654,0.05990152
fenton_2025,25.14285714,weeks,f,head_circ,cm,1,22.26020655,0.059612443
fenton_2025,25.28571429,weeks,f,head_circ,cm,1,22.41114528,0.059350062
fenton_2025,25.42857143,weeks,f,head_circ,cm,1,22.56189437,0.059115367
fenton_2025,25.57142857,weeks,f,head_circ,cm,1,22.71250459,0.058909219
fenton_2025,25.71428571,weeks,f,head_circ,cm,1,22.86300788,0.058729536
fenton_2025,25.85714286,weeks,f,head_circ,cm,1,23.01341725,0.058571286
fenton_2025,26,weeks,f,head_circ,cm,1,23.16374493,0.058429313
fenton_2025,26.14285714,weeks,f,head_circ,cm,1,23.3140031,0.058298458
fenton_2025,26.28571429,weeks,f,head_circ,cm,1,23.464204,0.058173562
fenton_2025,26.42857143,weeks,f,head_circ,cm,1,23.61435982,0.058049469
fenton_2025,26.57142857,weeks,f,head_circ,cm,1,23.76448156,0.057921133
fenton_2025,26.71428571,weeks,f,head_circ,cm,1,23.91455218,0.057786144
fenton_2025,26.85714286,weeks,f,head_circ,cm,1,24.06452662,0.057644721
fenton_2025,27,weeks,f,head_circ,cm,1,24.21435861,0.057497197
fenton_2025,27.14285714,weeks,f,head_circ,cm,1,24.36400187,0.057343908
fenton_2025,27.28571429,weeks,f,head_circ,cm,1,24.51341011,0.057185187
fenton_2025,27.42857143,weeks,f,head_circ,cm,1,24.66253706,0.057021369
fenton_2025,27.57142857,weeks,f,head_circ,cm,1,24.81134197,0.056852746
fenton_2025,27.71428571,weeks,f,head_circ,cm,1,24.95991119,0.056678654
fenton_2025,27.85714286,weeks,f,head_circ,cm,1,25.10845821,0.056497472
fenton_2025,28,weeks,f,head_circ,cm,1,25.257202,0.056307538
fenton_2025,28.14285714,weeks,f,head_circ,cm,1,25.40636158,0.056107191
fenton_2025,28.28571429,weeks,f,head_circ,cm,1,25.55615594,0.055894768
fenton_2025,28.42857143,weeks,f,head_circ,cm,1,25.70680407,0.055668607
fenton_2025,28.57142857,weeks,f,head_circ,cm,1,25.85850277,0.055427206
fenton_2025,28.71428571,weeks,f,head_circ,cm,1,26.01093817,0.055172743
fenton_2025,28.85714286,weeks,f,head_circ,cm,1,26.16328572,0.054911076
fenton_2025,29,weeks,f,head_circ,cm,1,26.31469868,0.054648223
fenton_2025,29.14285714,weeks,f,head_circ,cm,1,26.4643303,0.054390202
fenton_2025,29.28571429,weeks,f,head_circ,cm,1,26.61133384,0.054143031
fenton_2025,29.42857143,weeks,f,head_circ,cm,1,26.75486254,0.053912728
fenton_2025,29.57142857,weeks,f,head_circ,cm,1,26.8941119,0.053705121
fenton_2025,29.71428571,weeks,f,head_circ,cm,1,27.02924878,0.053521648
fenton_2025,29.85714286,weeks,f,head_circ,cm,1,27.16141139,0.053359355
fenton_2025,30,weeks,f,head_circ,cm,1,27.29178021,0.0532151
fenton_2025,30.14285714,weeks,f,head_circ,cm,1,27.42153569,0.05308574
fenton_2025,30.28571429,weeks,f,head_circ,cm,1,27.55185829,0.052968132
fenton_2025,30.42857143,weeks,f,head_circ,cm,1,27.68392847,0.052859133
fenton_2025,30.57142857,weeks,f,head_circ,cm,1,27.81888351,0.052755531
fenton_2025,30.71428571,weeks,f,head_circ,cm,1,27.95686759,0.052652513
fenton_2025,30.85714286,weeks,f,head_circ,cm,1,28.09703176,0.052543668
fenton_2025,31,weeks,f,head_circ,cm,1,28.23848393,0.052422514
fenton_2025,31.14285714,weeks,f,head_circ,cm,1,28.38033197,0.052282571
fenton_2025,31.28571429,weeks,f,head_circ,cm,1,28.52168377,0.052117357
fenton_2025,31.42857143,weeks,f,head_circ,cm,1,28.66164722,0.051920392
fenton_2025,31.57142857,weeks,f,head_circ,cm,1,28.79935758,0.051685548
fenton_2025,31.71428571,weeks,f,head_circ,cm,1,28.93457982,0.051414858
fenton_2025,31.85714286,weeks,f,head_circ,cm,1,29.06770863,0.051118514
fenton_2025,32,weeks,f,head_circ,cm,1,29.19916607,0.050807062
fenton_2025,32.14285714,weeks,f,head_circ,cm,1,29.32937419,0.050491047
fenton_2025,32.28571429,weeks,f,head_circ,cm,1,29.45875505,0.050181016
fenton_2025,32.42857143,weeks,f,head_circ,cm,1,29.58773071,0.049887515
fenton_2025,32.57142857,weeks,f,head_circ,cm,1,29.71670901,0.049620665
fenton_2025,32.71428571,weeks,f,head_circ,cm,1,29.84577043,0.049380806
fenton_2025,32.85714286,weeks,f,head_circ,cm,1,29.97466819,0.049158498
fenton_2025,33,weeks,f,head_circ,cm,1,30.10314122,0.048943877
fenton_2025,33.14285714,weeks,f,head_circ,cm,1,30.23092848,0.048727078
fenton_2025,33.28571429,weeks,f,head_circ,cm,1,30.35776893,0.048498236
fenton_2025,33.42857143,weeks,f,head_circ,cm,1,30.48340152,0.048247486
fenton_2025,33.57142857,weeks,f,head_circ,cm,1,30.60757396,0.047965356
fenton_2025,33.71428571,weeks,f,head_circ,cm,1,30.73023509,0.047651428
fenton_2025,33.85714286,weeks,f,head_circ,cm,1,30.8515349,0.047314332
fenton_2025,34,weeks,f,head_circ,cm,1,30.97163213,0.046963094
fenton_2025,34.14285714,weeks,f,head_circ,cm,1,31.09068552,0.04660674
fenton_2025,34.28571429,weeks,f,head_circ,cm,1,31.20885381,0.046254295
fenton_2025,34.42857143,weeks,f,head_circ,cm,1,31.32629573,0.045914785
fenton_2025,34.57142857,weeks,f,head_circ,cm,1,31.44316083,0.045596966
fenton_2025,34.71428571,weeks,f,head_circ,cm,1,31.55938724,0.045303423
fenton_2025,34.85714286,weeks,f,head_circ,cm,1,31.67470165,0.045030567
fenton_2025,35,weeks,f,head_circ,cm,1,31.78882157,0.04477454
fenton_2025,35.14285714,weeks,f,head_circ,cm,1,31.90146451,0.044531485
fenton_2025,35.28571429,weeks,f,head_circ,cm,1,32.01234797,0.044297545
fenton_2025,35.42857143,weeks,f,head_circ,cm,1,32.12118948,0.044068862
fenton_2025,35.57142857,weeks,f,head_circ,cm,1,32.22771317,0.043841628
fenton_2025,35.71428571,weeks,f,head_circ,cm,1,32.33179592,0.043613175
fenton_2025,35.85714286,weeks,f,head_circ,cm,1,32.43346737,0.043381973
fenton_2025,36,weeks,f,head_circ,cm,1,32.53276376,0.04314654
fenton_2025,36.14285714,weeks,f,head_circ,cm,1,32.62972136,0.042905397
fenton_2025,36.28571429,weeks,f,head_circ,cm,1,32.72437643,0.042657062
fenton_2025,36.42857143,weeks,f,head_circ,cm,1,32.81676523,0.042400056
fenton_2025,36.57142857,weeks,f,head_circ,cm,1,32.90692659,0.042133019
fenton_2025,36.71428571,weeks,f,head_circ,cm,1,32.99495824,0.041857395
fenton_2025,36.85714286,weeks,f,head_circ,cm,1,33.08101687,0.041577432
fenton_2025,37,weeks,f,head_circ,cm,1,33.16526171,0.041297499
fenton_2025,37.14285714,weeks,f,head_circ,cm,1,33.247852,0.041021964
fenton_2025,37.28571429,weeks,f,head_circ,cm,1,33.32894697,0.040755196
fenton_2025,37.42857143,weeks,f,head_circ,cm,1,33.40870586,0.040501564
fenton_2025,37.57142857,weeks,f,head_circ,cm,1,33.48728634,0.040265278
fenton_2025,37.71428571,weeks,f,head_circ,cm,1,33.5648101,0.040046891
fenton_2025,37.85714286,weeks,f,head_circ,cm,1,33.64136284,0.039843298
fenton_2025,38,weeks,f,head_circ,cm,1,33.71702871,0.039651237
fenton_2025,38.14285714,weeks,f,head_circ,cm,1,33.79189184,0.039467444
fenton_2025,38.28571429,weeks,f,head_circ,cm,1,33.86603637,0.039288657
fenton_2025,38.42857143,weeks,f,head_circ,cm,1,33.93954644,0.039111612
fenton_2025,38.57142857,weeks,f,head_circ,cm,1,34.01250446,0.038933128
fenton_2025,38.71428571,weeks,f,head_circ,cm,1,34.08495292,0.038751889
fenton_2025,38.85714286,weeks,f,head_circ,cm,1,34.1568944,0.038568449
fenton_2025,39,weeks,f,head_circ,cm,1,34.22832977,0.03838344
fenton_2025,39.14285714,weeks,f,head_circ,cm,1,34.29925988,0.038197496
fenton_2025,39.28571429,weeks,f,head_circ,cm,1,34.36968556,0.038011252
fenton_2025,39.42857143,weeks,f,head_circ,cm,1,34.43960769,0.03782534
fenton_2025,39.57142857,weeks,f,head_circ,cm,1,34.509027,0.03764039
fenton_2025,39.71428571,weeks,f,head_circ,cm,1,34.57794148,0.037456934
fenton_2025,39.85714286,weeks,f,head_circ,cm,1,34.64634642,0.037275404
fenton_2025,40,weeks,f,head_circ,cm,1,34.71423699,0.037096231
fenton_2025,40.14285714,weeks,f,head_circ,cm,1,34.78160834,0.036919844
fenton_2025,40.28571429,weeks,f,head_circ,cm,1,34.84845564,0.036746672
fenton_2025,40.42857143,weeks,f,head_circ,cm,1,34.91477405,0.036577145
fenton_2025,40.57142857,weeks,f,head_circ,cm,1,34.98055925,0.036411675
fenton_2025,40.71428571,weeks,f,head_circ,cm,1,35.04581902,0.036250283
fenton_2025,40.85714286,weeks,f,head_circ,cm,1,35.11057321,0.036092603
fenton_2025,41,weeks,f,head_circ,cm,1,35.17484219,0.035938248
fenton_2025,41.14285714,weeks,f,head_circ,cm,1,35.23864635,0.035786834
fenton_2025,41.28571429,weeks,f,head_circ,cm,1,35.30200606,0.035637975
fenton_2025,41.42857143,weeks,f,head_circ,cm,1,35.36494169,0.035491286
fenton_2025,41.57142857,weeks,f,head_circ,cm,1,35.42747323,0.035346395
fenton_2025,41.71428571,weeks,f,head_circ,cm,1,35.48961129,0.035203201
fenton_2025,41.85714286,weeks,f,head_circ,cm,1,35.55135715,0.035061883
fenton_2025,42,weeks,f,head_circ,cm,1,35.61271169,0.034922627
fenton_2025,42.14285714,weeks,f,head_circ,cm,1,35.67367576,0.034785622
fenton_2025,42.28571429,weeks,f,head_circ,cm,1,35.73425025,0.034651057
fenton_2025,42.42857143,weeks,f,head_circ,cm,1,35.79443602,0.034519119
fenton_2025,42.57142857,weeks,f,head_circ,cm,1,35.85423406,0.034389996
fenton_2025,42.71428571,weeks,f,head_circ,cm,1,35.9136479,0.034263845
fenton_2025,42.85714286,weeks,f,head_circ,cm,1,35.97268365,0.034140796
fenton_2025,43,weeks,f,head_circ,cm,1,36.03134753,0.034020977
fenton_2025,43.14285714,weeks,f,head_circ,cm,1,36.08964574,0.033904516
fenton_2025,43.28571429,weeks,f,head_circ,cm,1,36.1475845,0.033791541
fenton_2025,43.42857143,weeks,f,head_circ,cm,1,36.20517003,0.03368218
fenton_2025,43.57142857,weeks,f,head_circ,cm,1,36.26240824,0.033576568
fenton_2025,43.71428571,weeks,f,head_circ,cm,1,36.31929841,0.033474995
fenton_2025,43.85714286,weeks,f,head_circ,cm,1,36.37583311,0.033377908
fenton_2025,44,weeks,f,head_circ,cm,1,36.43200466,0.033285759
fenton_2025,44.14285714,weeks,f,head_circ,cm,1,36.48780536,0.033199002
fenton_2025,44.28571429,weeks,f,head_circ,cm,1,36.54322751,0.03311809
fenton_2025,44.42857143,weeks,f,head_circ,cm,1,36.59826342,0.033043476
fenton_2025,44.57142857,weeks,f,head_circ,cm,1,36.6529066,0.032975586
fenton_2025,44.71428571,weeks,f,head_circ,cm,1,36.70717857,0.032914233
fenton_2025,44.85714286,weeks,f,head_circ,cm,1,36.76112883,0.032858616
fenton_2025,45,weeks,f,head_circ,cm,1,36.8148081,0.032807907
fenton_2025,45.14285714,weeks,f,head_circ,cm,1,36.86826709,0.032761278
fenton_2025,45.28571429,weeks,f,head_circ,cm,1,36.92155653,0.032717902
fenton_2025,45.42857143,weeks,f,head_circ,cm,1,36.97472713,0.032676951
fenton_2025,45.57142857,weeks,f,head_circ,cm,1,37.02782959,0.032637582
fenton_2025,45.71428571,weeks,f,head_circ,cm,1,37.08091428,0.032598611
fenton_2025,45.85714286,weeks,f,head_circ,cm,1,37.13403124,0.032558508
fenton_2025,46,weeks,f,head_circ,cm,1,37.18723047,0.03251573
fenton_2025,46.14285714,weeks,f,head_circ,cm,1,37.240562,0.032468733
fenton_2025,46.28571429,weeks,f,head_circ,cm,1,37.29407584,0.032415975
fenton_2025,46.42857143,weeks,f,head_circ,cm,1,37.347822,0.032355912
fenton_2025,46.57142857,weeks,f,head_circ,cm,1,37.40184595,0.032287079
fenton_2025,46.71428571,weeks,f,head_circ,cm,1,37.45608864,0.032209797
fenton_2025,46.85714286,weeks,f,head_circ,cm,1,37.51038646,0.032126176
fenton_2025,47,weeks,f,head_circ,cm,1,37.56457127,0.032038404
fenton_2025,47.14285714,weeks,f,head_circ,cm,1,37.61847492,0.031948668
fenton_2025,47.28571429,weeks,f,head_circ,cm,1,37.67192926,0.031859156
fenton_2025,47.42857143,weeks,f,head_circ,cm,1,37.72476616,0.031772054
fenton_2025,47.57142857,weeks,f,head_circ,cm,1,37.776821,0.031689512
fenton_2025,47.71428571,weeks,f,head_circ,cm,1,37.82801059,0.031612764
fenton_2025,47.85714286,weeks,f,head_circ,cm,1,37.87833309,0.031542136
fenton_2025,48,weeks,f,head_circ,cm,1,37.92779025,0.031477911
fenton_2025,48.14285714,weeks,f,head_circ,cm,1,37.97638378,0.031420373
fenton_2025,48.28571429,weeks,f,head_circ,cm,1,38.02411541,0.031369808
fenton_2025,48.42857143,weeks,f,head_circ,cm,1,38.07098687,0.031326499
fenton_2025,48.57142857,weeks,f,head_circ,cm,1,38.11699928,0.031290732
fenton_2025,48.71428571,weeks,f,head_circ,cm,1,38.16213975,0.031262798
fenton_2025,48.85714286,weeks,f,head_circ,cm,1,38.20638141,0.031242999
fenton_2025,49,weeks,f,head_circ,cm,1,38.24969678,0.031231634
fenton_2025,49.14285714,weeks,f,head_circ,cm,1,38.29205837,0.031229005
fenton_2025,49.28571429,weeks,f,head_circ,cm,1,38.33343871,0.031235412
fenton_2025,49.42857143,weeks,f,head_circ,cm,1,38.3738103,0.031251155
fenton_2025,49.57142857,weeks,f,head_circ,cm,1,38.4131525,0.031276471
fenton_2025,49.71428571,weeks,f,head_circ,cm,1,38.45160155,0.031310112
fenton_2025,49.85714286,weeks,f,head_circ,cm,1,38.48945062,0.031349345
fenton_2025,50,weeks,f,head_circ,cm,1,38.5269997,0.031391376
fenton_2025,23.5,weeks,f,length,cm,1,29.49967189,0.077163196
fenton_2025,23.57142857,weeks,f,length,cm,1,29.59935182,0.076995786
fenton_2025,23.71428571,weeks,f,length,cm,1,29.79870763,0.076660978
fenton_2025,23.85714286,weeks,f,length,cm,1,29.99805128,0.07632621
fenton_2025,24,weeks,f,length,cm,1,30.19737468,0.075991507
fenton_2025,24.14285714,weeks,f,length,cm,1,30.39666974,0.075656897
fenton_2025,24.28571429,weeks,f,length,cm,1,30.59592833,0.075322405
fenton_2025,24.42857143,weeks,f,length,cm,1,30.79514238,0.074988057
fenton_2025,24.57142857,weeks,f,length,cm,1,30.99430743,0.074653881
fenton_2025,24.71428571,weeks,f,length,cm,1,31.19350309,0.074319902
fenton_2025,24.85714286,weeks,f,length,cm,1,31.39289304,0.073986147
fenton_2025,25,weeks,f,length,cm,1,31.59264461,0.073652642
fenton_2025,25.14285714,weeks,f,length,cm,1,31.79292513,0.073319414
fenton_2025,25.28571429,weeks,f,length,cm,1,31.99390191,0.072986488
fenton_2025,25.42857143,weeks,f,length,cm,1,32.1957423,0.07265389
fenton_2025,25.57142857,weeks,f,length,cm,1,32.39860691,0.072321649
fenton_2025,25.71428571,weeks,f,length,cm,1,32.60250197,0.071989789
fenton_2025,25.85714286,weeks,f,length,cm,1,32.8072793,0.071658337
fenton_2025,26,weeks,f,length,cm,1,33.01278405,0.071327319
fenton_2025,26.14285714,weeks,f,length,cm,1,33.21886134,0.070996762
fenton_2025,26.28571429,weeks,f,length,cm,1,33.42535629,0.070666691
fenton_2025,26.42857143,weeks,f,length,cm,1,33.63211404,0.070337134
fenton_2025,26.57142857,weeks,f,length,cm,1,33.83898407,0.070008117
fenton_2025,26.71428571,weeks,f,length,cm,1,34.04591627,0.069679665
fenton_2025,26.85714286,weeks,f,length,cm,1,34.25296094,0.069351805
fenton_2025,27,weeks,f,length,cm,1,34.46017273,0.069024564
fenton_2025,27.14285714,weeks,f,length,cm,1,34.6676063,0.068697968
fenton_2025,27.28571429,weeks,f,length,cm,1,34.87531629,0.068372043
fenton_2025,27.42857143,weeks,f,length,cm,1,35.08335738,0.068046816
fenton_2025,27.57142857,weeks,f,length,cm,1,35.29177826,0.067722312
fenton_2025,27.71428571,weeks,f,length,cm,1,35.50049092,0.067398558
fenton_2025,27.85714286,weeks,f,length,cm,1,35.70927063,0.067075581
fenton_2025,28,weeks,f,length,cm,1,35.91788671,0.066753407
fenton_2025,28.14285714,weeks,f,length,cm,1,36.12610847,0.066432061
fenton_2025,28.28571429,weeks,f,length,cm,1,36.33370523,0.066111571
fenton_2025,28.42857143,weeks,f,length,cm,1,36.54044631,0.065791963
fenton_2025,28.57142857,weeks,f,length,cm,1,36.74611297,0.065473263
fenton_2025,28.71428571,weeks,f,length,cm,1,36.95076119,0.065155497
fenton_2025,28.85714286,weeks,f,length,cm,1,37.1547217,0.064838692
fenton_2025,29,weeks,f,length,cm,1,37.35833713,0.064522874
fenton_2025,29.14285714,weeks,f,length,cm,1,37.56195016,0.064208069
fenton_2025,29.28571429,weeks,f,length,cm,1,37.76590342,0.063894303
fenton_2025,29.42857143,weeks,f,length,cm,1,37.97053958,0.063581604
fenton_2025,29.57142857,weeks,f,length,cm,1,38.17618353,0.063269997
fenton_2025,29.71428571,weeks,f,length,cm,1,38.38275144,0.062959508
fenton_2025,29.85714286,weeks,f,length,cm,1,38.58975081,0.062650165
fenton_2025,30,weeks,f,length,cm,1,38.79667135,0.062341992
fenton_2025,30.14285714,weeks,f,length,cm,1,39.00300279,0.062035017
fenton_2025,30.28571429,weeks,f,length,cm,1,39.20823484,0.061729266
fenton_2025,30.42857143,weeks,f,length,cm,1,39.41185722,0.061424765
fenton_2025,30.57142857,weeks,f,length,cm,1,39.61337667,0.061121541
fenton_2025,30.71428571,weeks,f,length,cm,1,39.81269157,0.06081962
fenton_2025,30.85714286,weeks,f,length,cm,1,40.01009189,0.060519027
fenton_2025,31,weeks,f,length,cm,1,40.20588464,0.06021979
fenton_2025,31.14285714,weeks,f,length,cm,1,40.40037684,0.059921935
fenton_2025,31.28571429,weeks,f,length,cm,1,40.5938755,0.059625488
fenton_2025,31.42857143,weeks,f,length,cm,1,40.78668762,0.059330476
fenton_2025,31.57142857,weeks,f,length,cm,1,40.97910425,0.059036924
fenton_2025,31.71428571,weeks,f,length,cm,1,41.17104905,0.058744859
fenton_2025,31.85714286,weeks,f,length,cm,1,41.36207831,0.058454307
fenton_2025,32,weeks,f,length,cm,1,41.55173236,0.058165296
fenton_2025,32.14285714,weeks,f,length,cm,1,41.73955151,0.05787785
fenton_2025,32.28571429,weeks,f,length,cm,1,41.92507608,0.057591997
fenton_2025,32.42857143,weeks,f,length,cm,1,42.1078464,0.057307762
fenton_2025,32.57142857,weeks,f,length,cm,1,42.28743184,0.057025172
fenton_2025,32.71428571,weeks,f,length,cm,1,42.46406993,0.056744254
fenton_2025,32.85714286,weeks,f,length,cm,1,42.63866641,0.056465033
fenton_2025,33,weeks,f,length,cm,1,42.81215605,0.056187536
fenton_2025,33.14285714,weeks,f,length,cm,1,42.98547362,0.055911789
fenton_2025,33.28571429,weeks,f,length,cm,1,43.15955388,0.055637819
fenton_2025,33.42857143,weeks,f,length,cm,1,43.33533162,0.055365652
fenton_2025,33.57142857,weeks,f,length,cm,1,43.51370341,0.055095314
fenton_2025,33.71428571,weeks,f,length,cm,1,43.69468705,0.054826832
fenton_2025,33.85714286,weeks,f,length,cm,1,43.87742165,0.054560231
fenton_2025,34,weeks,f,length,cm,1,44.06100807,0.054295539
fenton_2025,34.14285714,weeks,f,length,cm,1,44.24454718,0.054032781
fenton_2025,34.28571429,weeks,f,length,cm,1,44.42713988,0.053771984
fenton_2025,34.42857143,weeks,f,length,cm,1,44.60788702,0.053513174
fenton_2025,34.57142857,weeks,f,length,cm,1,44.78591459,0.053256377
fenton_2025,34.71428571,weeks,f,length,cm,1,44.96092565,0.05300162
fenton_2025,34.85714286,weeks,f,length,cm,1,45.13320039,0.05274893
fenton_2025,35,weeks,f,length,cm,1,45.30304407,0.052498331
fenton_2025,35.14285714,weeks,f,length,cm,1,45.47076199,0.052249852
fenton_2025,35.28571429,weeks,f,length,cm,1,45.6366594,0.052003517
fenton_2025,35.42857143,weeks,f,length,cm,1,45.80104158,0.051759354
fenton_2025,35.57142857,weeks,f,length,cm,1,45.96420318,0.051517389
fenton_2025,35.71428571,weeks,f,length,cm,1,46.12619432,0.051277648
fenton_2025,35.85714286,weeks,f,length,cm,1,46.28682057,0.051040156
fenton_2025,36,weeks,f,length,cm,1,46.44587692,0.050804942
fenton_2025,36.14285714,weeks,f,length,cm,1,46.60315831,0.05057203
fenton_2025,36.28571429,weeks,f,length,cm,1,46.7584597,0.050341448
fenton_2025,36.42857143,weeks,f,length,cm,1,46.91157607,0.050113222
fenton_2025,36.57142857,weeks,f,length,cm,1,47.06230918,0.049887376
fenton_2025,36.71428571,weeks,f,length,cm,1,47.2106177,0.049663912
fenton_2025,36.85714286,weeks,f,length,cm,1,47.35661717,0.049442807
fenton_2025,37,weeks,f,length,cm,1,47.50042994,0.049224035
fenton_2025,37.14285714,weeks,f,length,cm,1,47.64217837,0.049007573
fenton_2025,37.28571429,weeks,f,length,cm,1,47.78198483,0.048793396
fenton_2025,37.42857143,weeks,f,length,cm,1,47.91997167,0.04858148
fenton_2025,37.57142857,weeks,f,length,cm,1,48.0562603,0.0483718
fenton_2025,37.71428571,weeks,f,length,cm,1,48.19094999,0.048164332
fenton_2025,37.85714286,weeks,f,length,cm,1,48.32411794,0.047959051
fenton_2025,38,weeks,f,length,cm,1,48.45584039,0.047755933
fenton_2025,38.14285714,weeks,f,length,cm,1,48.58619355,0.047554954
fenton_2025,38.28571429,weeks,f,length,cm,1,48.71525367,0.047356088
fenton_2025,38.42857143,weeks,f,length,cm,1,48.84309695,0.047159313
fenton_2025,38.57142857,weeks,f,length,cm,1,48.96979962,0.046964602
fenton_2025,38.71428571,weeks,f,length,cm,1,49.09543751,0.046771932
fenton_2025,38.85714286,weeks,f,length,cm,1,49.22008606,0.046581278
fenton_2025,39,weeks,f,length,cm,1,49.3438207,0.046392616
fenton_2025,39.14285714,weeks,f,length,cm,1,49.46671686,0.046205922
fenton_2025,39.28571429,weeks,f,length,cm,1,49.58884997,0.04602117
fenton_2025,39.42857143,weeks,f,length,cm,1,49.71029547,0.045838337
fenton_2025,39.57142857,weeks,f,length,cm,1,49.8311288,0.045657398
fenton_2025,39.71428571,weeks,f,length,cm,1,49.95142596,0.045478329
fenton_2025,39.85714286,weeks,f,length,cm,1,50.07126351,0.045301105
fenton_2025,40,weeks,f,length,cm,1,50.190718,0.045125702
fenton_2025,40.14285714,weeks,f,length,cm,1,50.30986601,0.044952095
fenton_2025,40.28571429,weeks,f,length,cm,1,50.42878411,0.044780259
fenton_2025,40.42857143,weeks,f,length,cm,1,50.54754887,0.044610172
fenton_2025,40.57142857,weeks,f,length,cm,1,50.66623475,0.044441807
fenton_2025,40.71428571,weeks,f,length,cm,1,50.78486783,0.044275141
fenton_2025,40.85714286,weeks,f,length,cm,1,50.90342581,0.044110149
fenton_2025,41,weeks,f,length,cm,1,51.02188426,0.043946806
fenton_2025,41.14285714,weeks,f,length,cm,1,51.14021879,0.043785089
fenton_2025,41.28571429,weeks,f,length,cm,1,51.25840497,0.043624973
fenton_2025,41.42857143,weeks,f,length,cm,1,51.37641839,0.043466433
fenton_2025,41.57142857,weeks,f,length,cm,1,51.49423466,0.043309445
fenton_2025,41.71428571,weeks,f,length,cm,1,51.61182979,0.043153984
fenton_2025,41.85714286,weeks,f,length,cm,1,51.72918019,0.043000026
fenton_2025,42,weeks,f,length,cm,1,51.84626228,0.042847547
fenton_2025,42.14285714,weeks,f,length,cm,1,51.96305249,0.042696523
fenton_2025,42.28571429,weeks,f,length,cm,1,52.07952725,0.042546928
fenton_2025,42.42857143,weeks,f,length,cm,1,52.19566299,0.042398738
fenton_2025,42.57142857,weeks,f,length,cm,1,52.31143608,0.042251929
fenton_2025,42.71428571,weeks,f,length,cm,1,52.4268216,0.042106476
fenton_2025,42.85714286,weeks,f,length,cm,1,52.54179332,0.041962356
fenton_2025,43,weeks,f,length,cm,1,52.65632497,0.041819542
fenton_2025,43.14285714,weeks,f,length,cm,1,52.77039027,0.041678012
fenton_2025,43.28571429,weeks,f,length,cm,1,52.88396295,0.041537741
fenton_2025,43.42857143,weeks,f,length,cm,1,52.99701674,0.041398704
fenton_2025,43.57142857,weeks,f,length,cm,1,53.10952559,0.041260876
fenton_2025,43.71428571,weeks,f,length,cm,1,53.22146874,0.041124234
fenton_2025,43.85714286,weeks,f,length,cm,1,53.33283074,0.040988753
fenton_2025,44,weeks,f,length,cm,1,53.44359635,0.040854408
fenton_2025,44.14285714,weeks,f,length,cm,1,53.55375033,0.040721176
fenton_2025,44.28571429,weeks,f,length,cm,1,53.66327747,0.04058903
fenton_2025,44.42857143,weeks,f,length,cm,1,53.77216253,0.040457948
fenton_2025,44.57142857,weeks,f,length,cm,1,53.88038935,0.040327905
fenton_2025,44.71428571,weeks,f,length,cm,1,53.98792079,0.040198876
fenton_2025,44.85714286,weeks,f,length,cm,1,54.09469867,0.040070836
fenton_2025,45,weeks,f,length,cm,1,54.20066391,0.039943762
fenton_2025,45.14285714,weeks,f,length,cm,1,54.30575743,0.039817629
fenton_2025,45.28571429,weeks,f,length,cm,1,54.40992013,0.039692413
fenton_2025,45.42857143,weeks,f,length,cm,1,54.51309294,0.039568088
fenton_2025,45.57142857,weeks,f,length,cm,1,54.61522017,0.039444632
fenton_2025,45.71428571,weeks,f,length,cm,1,54.71632443,0.039322018
fenton_2025,45.85714286,weeks,f,length,cm,1,54.81650659,0.039200223
fenton_2025,46,weeks,f,length,cm,1,54.91587093,0.039079223
fenton_2025,46.14285714,weeks,f,length,cm,1,55.01452173,0.038958992
fenton_2025,46.28571429,weeks,f,length,cm,1,55.11256328,0.038839506
fenton_2025,46.42857143,weeks,f,length,cm,1,55.21009986,0.038720741
fenton_2025,46.57142857,weeks,f,length,cm,1,55.30724009,0.038602673
fenton_2025,46.71428571,weeks,f,length,cm,1,55.40419247,0.038485276
fenton_2025,46.85714286,weeks,f,length,cm,1,55.50126542,0.038368527
fenton_2025,47,weeks,f,length,cm,1,55.59877165,0.038252402
fenton_2025,47.14285714,weeks,f,length,cm,1,55.6970239,0.038136875
fenton_2025,47.28571429,weeks,f,length,cm,1,55.79633492,0.038021924
fenton_2025,47.42857143,weeks,f,length,cm,1,55.89701744,0.037907523
fenton_2025,47.57142857,weeks,f,length,cm,1,55.99936661,0.037793649
fenton_2025,47.71428571,weeks,f,length,cm,1,56.10327326,0.037680276
fenton_2025,47.85714286,weeks,f,length,cm,1,56.20822387,0.03756738
fenton_2025,48,weeks,f,length,cm,1,56.31368737,0.037454935
fenton_2025,48.14285714,weeks,f,length,cm,1,56.41913267,0.037342917
fenton_2025,48.28571429,weeks,f,length,cm,1,56.52402867,0.037231299
fenton_2025,48.42857143,weeks,f,length,cm,1,56.62784429,0.037120058
fenton_2025,48.57142857,weeks,f,length,cm,1,56.73005489,0.037009166
fenton_2025,48.71428571,weeks,f,length,cm,1,56.83028425,0.036898602
fenton_2025,48.85714286,weeks,f,length,cm,1,56.92830453,0.036788344
fenton_2025,49,weeks,f,length,cm,1,57.02389436,0.03667837
fenton_2025,49.14285714,weeks,f,length,cm,1,57.11683237,0.036568658
fenton_2025,49.28571429,weeks,f,length,cm,1,57.20689719,0.036459186
fenton_2025,49.42857143,weeks,f,length,cm,1,57.29386743,0.036349934
fenton_2025,49.57142857,weeks,f,length,cm,1,57.37754673,0.036240879
fenton_2025,49.71428571,weeks,f,length,cm,1,57.45831393,0.036131983
fenton_2025,49.85714286,weeks,f,length,cm,1,57.53712305,0.036023194
fenton_2025,50,weeks,f,length,cm,1,57.61495313,0.035914458
fenton_2025,22.5,weeks,f,weight,g,0.301964154,470.8745453,0.137999539
fenton_2025,22.57142857,weeks,f,weight,g,0.314030949,476.2472031,0.137996711
fenton_2025,22.71428571,weeks,f,weight,g,0.342124204,488.752642,0.137990289
fenton_2025,22.85714286,weeks,f,weight,g,0.370311526,501.2911787,0.137984335
fenton_2025,23,weeks,f,weight,g,0.398655626,513.8848787,0.137979161
fenton_2025,23.14285714,weeks,f,weight,g,0.427219215,526.5558071,0.13797508
fenton_2025,23.28571429,weeks,f,weight,g,0.456065006,539.3260292,0.137972404
fenton_2025,23.42857143,weeks,f,weight,g,0.485255709,552.2176103,0.137971444
fenton_2025,23.57142857,weeks,f,weight,g,0.514846197,565.2526157,0.137972514
fenton_2025,23.71428571,weeks,f,weight,g,0.544711047,578.4531106,0.137975925
fenton_2025,23.85714286,weeks,f,weight,g,0.574544541,591.8411604,0.137981989
fenton_2025,24,weeks,f,weight,g,0.604033123,605.4388302,0.137991019
fenton_2025,24.14285714,weeks,f,weight,g,0.632863236,619.2681853,0.138003327
fenton_2025,24.28571429,weeks,f,weight,g,0.660721323,633.3512911,0.138019225
fenton_2025,24.42857143,weeks,f,weight,g,0.687293828,647.7102128,0.138039025
fenton_2025,24.57142857,weeks,f,weight,g,0.712273664,662.3663145,0.138063039
fenton_2025,24.71428571,weeks,f,weight,g,0.735502596,677.3248339,0.138091579
fenton_2025,24.85714286,weeks,f,weight,g,0.756971234,692.5748822,0.138124958
fenton_2025,25,weeks,f,weight,g,0.776676661,708.1048695,0.138163488
fenton_2025,25.14285714,weeks,f,weight,g,0.794615958,723.9032059,0.138207481
fenton_2025,25.28571429,weeks,f,weight,g,0.810786209,739.9583014,0.138257249
fenton_2025,25.42857143,weeks,f,weight,g,0.825184496,756.2585661,0.138313104
fenton_2025,25.57142857,weeks,f,weight,g,0.83780788,772.7924102,0.138375359
fenton_2025,25.71428571,weeks,f,weight,g,0.84865295,789.5482436,0.138444325
fenton_2025,25.85714286,weeks,f,weight,g,0.857715819,806.5144765,0.138520315
fenton_2025,26,weeks,f,weight,g,0.86499258,823.6795189,0.138603641
fenton_2025,26.14285714,weeks,f,weight,g,0.870479325,841.031781,0.138694615
fenton_2025,26.28571429,weeks,f,weight,g,0.874172149,858.5596727,0.138793549
fenton_2025,26.42857143,weeks,f,weight,g,0.876067143,876.2516042,0.138900756
fenton_2025,26.57142857,weeks,f,weight,g,0.876160477,894.0959855,0.139016547
fenton_2025,26.71428571,weeks,f,weight,g,0.874450092,912.0812267,0.139141235
fenton_2025,26.85714286,weeks,f,weight,g,0.870935698,930.195738,0.139275132
fenton_2025,27,weeks,f,weight,g,0.865617082,948.4279293,0.139418551
fenton_2025,27.14285714,weeks,f,weight,g,0.858494031,966.7662108,0.139571802
fenton_2025,27.28571429,weeks,f,weight,g,0.849566333,985.1989925,0.139735199
fenton_2025,27.42857143,weeks,f,weight,g,0.838833776,1003.714684,0.139909054
fenton_2025,27.57142857,weeks,f,weight,g,0.826295858,1022.302333,0.140093663
fenton_2025,27.71428571,weeks,f,weight,g,0.811945474,1040.965606,0.140288995
fenton_2025,27.85714286,weeks,f,weight,g,0.79576891,1059.722795,0.140494683
fenton_2025,28,weeks,f,weight,g,0.777752166,1078.592828,0.140710348
fenton_2025,28.14285714,weeks,f,weight,g,0.757881239,1097.594632,0.140935609
fenton_2025,28.28571429,weeks,f,weight,g,0.736142131,1116.747134,0.141170089
fenton_2025,28.42857143,weeks,f,weight,g,0.71252084,1136.069261,0.141413406
fenton_2025,28.57142857,weeks,f,weight,g,0.687011872,1155.579941,0.141665181
fenton_2025,28.71428571,weeks,f,weight,g,0.659805409,1175.298101,0.141925034
fenton_2025,28.85714286,weeks,f,weight,g,0.631287306,1195.242668,0.142192587
fenton_2025,29,weeks,f,weight,g,0.601851924,1215.43257,0.142467458
fenton_2025,29.14285714,weeks,f,weight,g,0.571893627,1235.886733,0.14274927
fenton_2025,29.28571429,weeks,f,weight,g,0.541806777,1256.624086,0.143037641
fenton_2025,29.42857143,weeks,f,weight,g,0.511985737,1277.663555,0.143332192
fenton_2025,29.57142857,weeks,f,weight,g,0.482819815,1299.024067,0.143632544
fenton_2025,29.71428571,weeks,f,weight,g,0.454582109,1320.72455,0.143938316
fenton_2025,29.85714286,weeks,f,weight,g,0.427429506,1342.783932,0.14424913
fenton_2025,30,weeks,f,weight,g,0.401513839,1365.221139,0.144564606
fenton_2025,30.14285714,weeks,f,weight,g,0.376986939,1388.055098,0.144884364
fenton_2025,30.28571429,weeks,f,weight,g,0.35400064,1411.304738,0.145208024
fenton_2025,30.42857143,weeks,f,weight,g,0.332706774,1434.988984,0.145535206
fenton_2025,30.57142857,weeks,f,weight,g,0.313252123,1459.126039,0.145865466
fenton_2025,30.71428571,weeks,f,weight,g,0.295667254,1483.717393,0.146196849
fenton_2025,30.85714286,weeks,f,weight,g,0.279866522,1508.74783,0.146525891
fenton_2025,31,weeks,f,weight,g,0.265759232,1534.201404,0.146849062
fenton_2025,31.14285714,weeks,f,weight,g,0.253254687,1560.062173,0.147162832
fenton_2025,31.28571429,weeks,f,weight,g,0.24226219,1586.314192,0.147463673
fenton_2025,31.42857143,weeks,f,weight,g,0.232691044,1612.941518,0.147748054
fenton_2025,31.57142857,weeks,f,weight,g,0.224451625,1639.928205,0.148012446
fenton_2025,31.71428571,weeks,f,weight,g,0.217478965,1667.258311,0.14825332
fenton_2025,31.85714286,weeks,f,weight,g,0.211732753,1694.915891,0.148467145
fenton_2025,32,weeks,f,weight,g,0.20717375,1722.885002,0.148650392
fenton_2025,32.14285714,weeks,f,weight,g,0.203762717,1751.149699,0.148799532
fenton_2025,32.28571429,weeks,f,weight,g,0.201460416,1779.694039,0.148911035
fenton_2025,32.42857143,weeks,f,weight,g,0.200227607,1808.502077,0.148981372
fenton_2025,32.57142857,weeks,f,weight,g,0.200023954,1837.557957,0.149007146
fenton_2025,32.71428571,weeks,f,weight,g,0.200783875,1866.84786,0.148988026
fenton_2025,32.85714286,weeks,f,weight,g,0.202416542,1896.359996,0.148926746
fenton_2025,33,weeks,f,weight,g,0.20483003,1926.082666,0.148826173
fenton_2025,33.14285714,weeks,f,weight,g,0.207932413,1956.004172,0.148689175
fenton_2025,33.28571429,weeks,f,weight,g,0.211631768,1986.112815,0.14851862
fenton_2025,33.42857143,weeks,f,weight,g,0.215836167,2016.396894,0.148317373
fenton_2025,33.57142857,weeks,f,weight,g,0.220453764,2046.844712,0.148088304
fenton_2025,33.71428571,weeks,f,weight,g,0.225394479,2077.444568,0.147834278
fenton_2025,33.85714286,weeks,f,weight,g,0.230570006,2108.184765,0.147558165
fenton_2025,34,weeks,f,weight,g,0.235892114,2139.053602,0.147262829
fenton_2025,34.14285714,weeks,f,weight,g,0.241272571,2170.03938,0.14695114
fenton_2025,34.28571429,weeks,f,weight,g,0.246623148,2201.130401,0.146625965
fenton_2025,34.42857143,weeks,f,weight,g,0.251855612,2232.314965,0.14629017
fenton_2025,34.57142857,weeks,f,weight,g,0.256881714,2263.581372,0.145946623
fenton_2025,34.71428571,weeks,f,weight,g,0.261612727,2294.917925,0.145598192
fenton_2025,34.85714286,weeks,f,weight,g,0.265959451,2326.312924,0.145247743
fenton_2025,35,weeks,f,weight,g,0.269832666,2357.754669,0.144898145
fenton_2025,35.14285714,weeks,f,weight,g,0.273143151,2389.231462,0.144552264
fenton_2025,35.28571429,weeks,f,weight,g,0.275801685,2420.731602,0.144212968
fenton_2025,35.42857143,weeks,f,weight,g,0.277719047,2452.243393,0.143883124
fenton_2025,35.57142857,weeks,f,weight,g,0.278806023,2483.755167,0.143565599
fenton_2025,35.71428571,weeks,f,weight,g,0.278973525,2515.256055,0.143263261
fenton_2025,35.85714286,weeks,f,weight,g,0.27813259,2546.735979,0.142978977
fenton_2025,36,weeks,f,weight,g,0.276194265,2578.184896,0.142715615
fenton_2025,36.14285714,weeks,f,weight,g,0.273069593,2609.592762,0.142476041
fenton_2025,36.28571429,weeks,f,weight,g,0.268669619,2640.949535,0.142263124
fenton_2025,36.42857143,weeks,f,weight,g,0.262905388,2672.245171,0.14207973
fenton_2025,36.57142857,weeks,f,weight,g,0.255692796,2703.469629,0.141928612
fenton_2025,36.71428571,weeks,f,weight,g,0.247059324,2734.612863,0.141809894
fenton_2025,36.85714286,weeks,f,weight,g,0.237144037,2765.664832,0.141721067
fenton_2025,37,weeks,f,weight,g,0.226090855,2796.615492,0.141659509
fenton_2025,37.14285714,weeks,f,weight,g,0.214043694,2827.454801,0.1416226
fenton_2025,37.28571429,weeks,f,weight,g,0.201146472,2858.172714,0.141607717
fenton_2025,37.42857143,weeks,f,weight,g,0.187543106,2888.75919,0.141612237
fenton_2025,37.57142857,weeks,f,weight,g,0.173377516,2919.204446,0.14163354
fenton_2025,37.71428571,weeks,f,weight,g,0.158793628,2949.504703,0.141669003
fenton_2025,37.85714286,weeks,f,weight,g,0.143935378,2979.662187,0.141716005
fenton_2025,38,weeks,f,weight,g,0.128946703,3009.679385,0.141771923
fenton_2025,38.14285714,weeks,f,weight,g,0.11397154,3039.558782,0.141834135
fenton_2025,38.28571429,weeks,f,weight,g,0.099153825,3069.302866,0.141900021
fenton_2025,38.42857143,weeks,f,weight,g,0.084637496,3098.914121,0.141966957
fenton_2025,38.57142857,weeks,f,weight,g,0.070566488,3128.395035,0.142032348
fenton_2025,38.71428571,weeks,f,weight,g,0.057084736,3157.748094,0.14209419
fenton_2025,38.85714286,weeks,f,weight,g,0.044336173,3186.975784,0.142151069
fenton_2025,39,weeks,f,weight,g,0.032464728,3216.080591,0.142201599
fenton_2025,39.14285714,weeks,f,weight,g,0.021614335,3245.065003,0.142244394
fenton_2025,39.28571429,weeks,f,weight,g,0.011928924,3273.931504,0.142278067
fenton_2025,39.42857143,weeks,f,weight,g,0.003552427,3302.682582,0.14230123
fenton_2025,39.57142857,weeks,f,weight,g,-0.003376606,3331.320723,0.142312497
fenton_2025,39.71428571,weeks,f,weight,g,-0.008843418,3359.848412,0.142310482
fenton_2025,39.85714286,weeks,f,weight,g,-0.012957043,3388.268138,0.142293797
fenton_2025,40,weeks,f,weight,g,-0.015831898,3416.582384,0.142261057
fenton_2025,40.14285714,weeks,f,weight,g,-0.017582398,3444.793639,0.142210873
fenton_2025,40.28571429,weeks,f,weight,g,-0.018322961,3472.904388,0.142141859
fenton_2025,40.42857143,weeks,f,weight,g,-0.018168002,3500.917118,0.142052629
fenton_2025,40.57142857,weeks,f,weight,g,-0.017231939,3528.834315,0.141941847
fenton_2025,40.71428571,weeks,f,weight,g,-0.015629187,3556.658465,0.141809346
fenton_2025,40.85714286,weeks,f,weight,g,-0.013474164,3584.392054,0.14165613
fenton_2025,41,weeks,f,weight,g,-0.010881286,3612.03757,0.141483253
fenton_2025,41.14285714,weeks,f,weight,g,-0.00796497,3639.597498,0.14129177
fenton_2025,41.28571429,weeks,f,weight,g,-0.004839633,3667.074324,0.141082734
fenton_2025,41.42857143,weeks,f,weight,g,-0.001619692,3694.470535,0.140857201
fenton_2025,41.57142857,weeks,f,weight,g,0.001582846,3721.788617,0.140616223
fenton_2025,41.71428571,weeks,f,weight,g,0.004711383,3749.031057,0.140360856
fenton_2025,41.85714286,weeks,f,weight,g,0.007764734,3776.20034,0.140092155
fenton_2025,42,weeks,f,weight,g,0.01074412,3803.298954,0.139811172
fenton_2025,42.14285714,weeks,f,weight,g,0.013650764,3830.329384,0.139518963
fenton_2025,42.28571429,weeks,f,weight,g,0.016485889,3857.294117,0.139216581
fenton_2025,42.42857143,weeks,f,weight,g,0.019250717,3884.195639,0.138905082
fenton_2025,42.57142857,weeks,f,weight,g,0.021946472,3911.036436,0.138585519
fenton_2025,42.71428571,weeks,f,weight,g,0.024574374,3937.818995,0.138258946
fenton_2025,42.85714286,weeks,f,weight,g,0.027135648,3964.545802,0.137926419
fenton_2025,43,weeks,f,weight,g,0.029631515,3991.219343,0.137588991
fenton_2025,43.14285714,weeks,f,weight,g,0.032063198,4017.842105,0.137247716
fenton_2025,43.28571429,weeks,f,weight,g,0.03443192,4044.416573,0.136903649
fenton_2025,43.42857143,weeks,f,weight,g,0.036738902,4070.945235,0.136557845
fenton_2025,43.57142857,weeks,f,weight,g,0.038985368,4097.430577,0.136211356
fenton_2025,43.71428571,weeks,f,weight,g,0.04117254,4123.875084,0.135865239
fenton_2025,43.85714286,weeks,f,weight,g,0.043301641,4150.281244,0.135520546
fenton_2025,44,weeks,f,weight,g,0.045373894,4176.651542,0.135178333
fenton_2025,44.14285714,weeks,f,weight,g,0.04739052,4202.988465,0.134839653
fenton_2025,44.28571429,weeks,f,weight,g,0.049352744,4229.294499,0.134505561
fenton_2025,44.42857143,weeks,f,weight,g,0.051261787,4255.572131,0.134177111
fenton_2025,44.57142857,weeks,f,weight,g,0.053118873,4281.823847,0.133855358
fenton_2025,44.71428571,weeks,f,weight,g,0.054925224,4308.052132,0.133541356
fenton_2025,44.85714286,weeks,f,weight,g,0.056682062,4334.259474,0.133236158
fenton_2025,45,weeks,f,weight,g,0.058390608,4360.448359,0.13294082
fenton_2025,45.14285714,weeks,f,weight,g,0.060052084,4386.621272,0.132656395
fenton_2025,45.28571429,weeks,f,weight,g,0.061667712,4412.780701,0.132383939
fenton_2025,45.42857143,weeks,f,weight,g,0.063238715,4438.929132,0.132124504
fenton_2025,45.57142857,weeks,f,weight,g,0.064766313,4465.069004,0.131879115
fenton_2025,45.71428571,weeks,f,weight,g,0.06625173,4491.201675,0.131648066
fenton_2025,45.85714286,weeks,f,weight,g,0.067696192,4517.327423,0.131430925
fenton_2025,46,weeks,f,weight,g,0.069100924,4543.44648,0.131227228
fenton_2025,46.14285714,weeks,f,weight,g,0.070467151,4569.559075,0.131036513
fenton_2025,46.28571429,weeks,f,weight,g,0.071796099,4595.66544,0.130858315
fenton_2025,46.42857143,weeks,f,weight,g,0.073088992,4621.765805,0.130692171
fenton_2025,46.57142857,weeks,f,weight,g,0.074347056,4647.860402,0.130537617
fenton_2025,46.71428571,weeks,f,weight,g,0.075571509,4673.94946,0.130394189
fenton_2025,46.85714286,weeks,f,weight,g,0.076763565,4700.03321,0.130261425
fenton_2025,47,weeks,f,weight,g,0.077924435,4726.111884,0.13013886
fenton_2025,47.14285714,weeks,f,weight,g,0.079055332,4752.185712,0.13002603
fenton_2025,47.28571429,weeks,f,weight,g,0.080157469,4778.254925,0.129922473
fenton_2025,47.42857143,weeks,f,weight,g,0.081232057,4804.319754,0.129827725
fenton_2025,47.57142857,weeks,f,weight,g,0.08228031,4830.380429,0.129741321
fenton_2025,47.71428571,weeks,f,weight,g,0.083303464,4856.437181,0.129662799
fenton_2025,47.85714286,weeks,f,weight,g,0.08430278,4882.490241,0.129591694
fenton_2025,48,weeks,f,weight,g,0.085279517,4908.539839,0.129527544
fenton_2025,48.14285714,weeks,f,weight,g,0.086234936,4934.586207,0.129469884
fenton_2025,48.28571429,weeks,f,weight,g,0.087170298,4960.629575,0.129418251
fenton_2025,48.42857143,weeks,f,weight,g,0.088086863,4986.670174,0.129372181
fenton_2025,48.57142857,weeks,f,weight,g,0.088985889,5012.708235,0.129331211
fenton_2025,48.71428571,weeks,f,weight,g,0.089868545,5038.743988,0.129294877
fenton_2025,48.85714286,weeks,f,weight,g,0.090735916,5064.777664,0.129262716
fenton_2025,49,weeks,f,weight,g,0.091589083,5090.809495,0.129234263
fenton_2025,49.14285714,weeks,f,weight,g,0.092429127,5116.839709,0.129209056
fenton_2025,49.28571429,weeks,f,weight,g,0.093257128,5142.86854,0.12918663
fenton_2025,49.42857143,weeks,f,weight,g,0.094074167,5168.896216,0.129166522
fenton_2025,49.57142857,weeks,f,weight,g,0.094881357,5194.92297,0.129148269
fenton_2025,49.71428571,weeks,f,weight,g,0.095680575,5220.949031,0.129131407
fenton_2025,49.85714286,weeks,f,weight,g,0.096474454,5246.974631,0.129115472
fenton_2025,50,weeks,f,weight,g,0.097265665,5273,0.1291
fenton_2025,22.5,weeks,m,head_circ,cm,1,19.89694012,0.064866521
fenton_2025,22.57142857,weeks,m,head_circ,cm,1,19.96444837,0.064738721
fenton_2025,22.71428571,weeks,m,head_circ,cm,1,20.12141101,0.06444145
fenton_2025,22.85714286,weeks,m,head_circ,cm,1,20.27827245,0.06414399
fenton_2025,23,weeks,m,head_circ,cm,1,20.43496521,0.063846213
fenton_2025,23.14285714,weeks,m,head_circ,cm,1,20.59142182,0.063547993
fenton_2025,23.28571429,weeks,m,head_circ,cm,1,20.74757482,0.063249205
fenton_2025,23.42857143,weeks,m,head_circ,cm,1,20.90335673,0.062949722
fenton_2025,23.57142857,weeks,m,head_circ,cm,1,21.05870169,0.062649509
fenton_2025,23.71428571,weeks,m,head_circ,cm,1,21.21358103,0.062350663
fenton_2025,23.85714286,weeks,m,head_circ,cm,1,21.36800322,0.062057409
fenton_2025,24,weeks,m,head_circ,cm,1,21.52197839,0.061774065
fenton_2025,24.14285714,weeks,m,head_circ,cm,1,21.67551662,0.06150495
fenton_2025,24.28571429,weeks,m,head_circ,cm,1,21.82862802,0.061254381
fenton_2025,24.42857143,weeks,m,head_circ,cm,1,21.9813227,0.061026677
fenton_2025,24.57142857,weeks,m,head_circ,cm,1,22.13360874,0.060825948
fenton_2025,24.71428571,weeks,m,head_circ,cm,1,22.28544775,0.060651529
fenton_2025,24.85714286,weeks,m,head_circ,cm,1,22.43675486,0.060497977
fenton_2025,25,weeks,m,head_circ,cm,1,22.58744321,0.060359645
fenton_2025,25.14285714,weeks,m,head_circ,cm,1,22.73742589,0.060230882
fenton_2025,25.28571429,weeks,m,head_circ,cm,1,22.88661603,0.060106039
fenton_2025,25.42857143,weeks,m,head_circ,cm,1,23.03492676,0.059979468
fenton_2025,25.57142857,weeks,m,head_circ,cm,1,23.18228166,0.059845701
fenton_2025,25.71428571,weeks,m,head_circ,cm,1,23.32884566,0.059703461
fenton_2025,25.85714286,weeks,m,head_circ,cm,1,23.47502495,0.059555663
fenton_2025,26,weeks,m,head_circ,cm,1,23.62123623,0.059405402
fenton_2025,26.14285714,weeks,m,head_circ,cm,1,23.76789618,0.059255773
fenton_2025,26.28571429,weeks,m,head_circ,cm,1,23.91542151,0.059109874
fenton_2025,26.42857143,weeks,m,head_circ,cm,1,24.06422891,0.058970799
fenton_2025,26.57142857,weeks,m,head_circ,cm,1,24.21471685,0.058841524
fenton_2025,26.71428571,weeks,m,head_circ,cm,1,24.36686497,0.058722246
fenton_2025,26.85714286,weeks,m,head_circ,cm,1,24.52023405,0.058610383
fenton_2025,27,weeks,m,head_circ,cm,1,24.67436667,0.058503233
fenton_2025,27.14285714,weeks,m,head_circ,cm,1,24.82880539,0.058398093
fenton_2025,27.28571429,weeks,m,head_circ,cm,1,24.98309278,0.058292263
fenton_2025,27.42857143,weeks,m,head_circ,cm,1,25.13677142,0.058183038
fenton_2025,27.57142857,weeks,m,head_circ,cm,1,25.28939886,0.058067642
fenton_2025,27.71428571,weeks,m,head_circ,cm,1,25.44087711,0.05794156
fenton_2025,27.85714286,weeks,m,head_circ,cm,1,25.59145264,0.05779854
fenton_2025,28,weeks,m,head_circ,cm,1,25.74138693,0.057632254
fenton_2025,28.14285714,weeks,m,head_circ,cm,1,25.89094143,0.057436375
fenton_2025,28.28571429,weeks,m,head_circ,cm,1,26.04037759,0.057204574
fenton_2025,28.42857143,weeks,m,head_circ,cm,1,26.18995687,0.056930526
fenton_2025,28.57142857,weeks,m,head_circ,cm,1,26.33992252,0.056608393
fenton_2025,28.71428571,weeks,m,head_circ,cm,1,26.49009894,0.056243656
fenton_2025,28.85714286,weeks,m,head_circ,cm,1,26.63989165,0.055853109
fenton_2025,29,weeks,m,head_circ,cm,1,26.78868797,0.055454039
fenton_2025,29.14285714,weeks,m,head_circ,cm,1,26.93587522,0.055063731
fenton_2025,29.28571429,weeks,m,head_circ,cm,1,27.08084072,0.054699472
fenton_2025,29.42857143,weeks,m,head_circ,cm,1,27.22297181,0.054378549
fenton_2025,29.57142857,weeks,m,head_circ,cm,1,27.36168646,0.054117656
fenton_2025,29.71428571,weeks,m,head_circ,cm,1,27.49710825,0.053919869
fenton_2025,29.85714286,weeks,m,head_circ,cm,1,27.6300663,0.053774647
fenton_2025,30,weeks,m,head_circ,cm,1,27.76142043,0.053670858
fenton_2025,30.14285714,weeks,m,head_circ,cm,1,27.89203043,0.053597367
fenton_2025,30.28571429,weeks,m,head_circ,cm,1,28.02275611,0.053543042
fenton_2025,30.42857143,weeks,m,head_circ,cm,1,28.15445729,0.05349675
fenton_2025,30.57142857,weeks,m,head_circ,cm,1,28.28796679,0.053447511
fenton_2025,30.71428571,weeks,m,head_circ,cm,1,28.42349718,0.053387908
fenton_2025,30.85714286,weeks,m,head_circ,cm,1,28.56064073,0.053314081
fenton_2025,31,weeks,m,head_circ,cm,1,28.69896275,0.053222327
fenton_2025,31.14285714,weeks,m,head_circ,cm,1,28.83802856,0.053108942
fenton_2025,31.28571429,weeks,m,head_circ,cm,1,28.97740346,0.052970221
fenton_2025,31.42857143,weeks,m,head_circ,cm,1,29.11665276,0.05280246
fenton_2025,31.57142857,weeks,m,head_circ,cm,1,29.2553508,0.052602156
fenton_2025,31.71428571,weeks,m,head_circ,cm,1,29.39327932,0.052370378
fenton_2025,31.85714286,weeks,m,head_circ,cm,1,29.53042752,0.052112774
fenton_2025,32,weeks,m,head_circ,cm,1,29.66679362,0.051835191
fenton_2025,32.14285714,weeks,m,head_circ,cm,1,29.8023758,0.051543475
fenton_2025,32.28571429,weeks,m,head_circ,cm,1,29.9371723,0.051243472
fenton_2025,32.42857143,weeks,m,head_circ,cm,1,30.0711813,0.050941028
fenton_2025,32.57142857,weeks,m,head_circ,cm,1,30.20440187,0.050641797
fenton_2025,32.71428571,weeks,m,head_circ,cm,1,30.33685237,0.050346974
fenton_2025,32.85714286,weeks,m,head_circ,cm,1,30.46857048,0.050053298
fenton_2025,33,weeks,m,head_circ,cm,1,30.59959472,0.049757315
fenton_2025,33.14285714,weeks,m,head_circ,cm,1,30.72996362,0.049455569
fenton_2025,33.28571429,weeks,m,head_circ,cm,1,30.85971571,0.049144608
fenton_2025,33.42857143,weeks,m,head_circ,cm,1,30.9888895,0.048820974
fenton_2025,33.57142857,weeks,m,head_circ,cm,1,31.11751747,0.048481403
fenton_2025,33.71428571,weeks,m,head_circ,cm,1,31.24549298,0.048126942
fenton_2025,33.85714286,weeks,m,head_circ,cm,1,31.37257027,0.047762952
fenton_2025,34,weeks,m,head_circ,cm,1,31.49849752,0.047394984
fenton_2025,34.14285714,weeks,m,head_circ,cm,1,31.62302294,0.047028588
fenton_2025,34.28571429,weeks,m,head_circ,cm,1,31.7458947,0.046669314
fenton_2025,34.42857143,weeks,m,head_circ,cm,1,31.86686101,0.046322713
fenton_2025,34.57142857,weeks,m,head_circ,cm,1,31.98567403,0.04599414
fenton_2025,34.71428571,weeks,m,head_circ,cm,1,32.10217757,0.045684511
fenton_2025,34.85714286,weeks,m,head_circ,cm,1,32.21630706,0.045390299
fenton_2025,35,weeks,m,head_circ,cm,1,32.32800192,0.045107783
fenton_2025,35.14285714,weeks,m,head_circ,cm,1,32.43720155,0.044833243
fenton_2025,35.28571429,weeks,m,head_circ,cm,1,32.54384538,0.044562959
fenton_2025,35.42857143,weeks,m,head_circ,cm,1,32.64787282,0.044293211
fenton_2025,35.57142857,weeks,m,head_circ,cm,1,32.74923076,0.04402039
fenton_2025,35.71428571,weeks,m,head_circ,cm,1,32.84803807,0.043743466
fenton_2025,35.85714286,weeks,m,head_circ,cm,1,32.94458559,0.043463989
fenton_2025,36,weeks,m,head_circ,cm,1,33.03917165,0.04318362
fenton_2025,36.14285714,weeks,m,head_circ,cm,1,33.13209456,0.04290402
fenton_2025,36.28571429,weeks,m,head_circ,cm,1,33.22365266,0.042626849
fenton_2025,36.42857143,weeks,m,head_circ,cm,1,33.31414425,0.042353769
fenton_2025,36.57142857,weeks,m,head_circ,cm,1,33.40386113,0.042086393
fenton_2025,36.71428571,weeks,m,head_circ,cm,1,33.4929447,0.041825245
fenton_2025,36.85714286,weeks,m,head_circ,cm,1,33.58138599,0.04156976
fenton_2025,37,weeks,m,head_circ,cm,1,33.6691695,0.041319323
fenton_2025,37.14285714,weeks,m,head_circ,cm,1,33.75627972,0.041073321
fenton_2025,37.28571429,weeks,m,head_circ,cm,1,33.84270113,0.04083114
fenton_2025,37.42857143,weeks,m,head_circ,cm,1,33.92841824,0.040592168
fenton_2025,37.57142857,weeks,m,head_circ,cm,1,34.01341606,0.040355803
fenton_2025,37.71428571,weeks,m,head_circ,cm,1,34.09769141,0.040121719
fenton_2025,37.85714286,weeks,m,head_circ,cm,1,34.181253,0.039889869
fenton_2025,38,weeks,m,head_circ,cm,1,34.26411,0.039660215
fenton_2025,38.14285714,weeks,m,head_circ,cm,1,34.34627163,0.039432722
fenton_2025,38.28571429,weeks,m,head_circ,cm,1,34.42774707,0.039207352
fenton_2025,38.42857143,weeks,m,head_circ,cm,1,34.50854552,0.03898407
fenton_2025,38.57142857,weeks,m,head_circ,cm,1,34.58867616,0.038762838
fenton_2025,38.71428571,weeks,m,head_circ,cm,1,34.66814806,0.038543623
fenton_2025,38.85714286,weeks,m,head_circ,cm,1,34.74697011,0.038326393
fenton_2025,39,weeks,m,head_circ,cm,1,34.82515123,0.038111117
fenton_2025,39.14285714,weeks,m,head_circ,cm,1,34.90270032,0.037897763
fenton_2025,39.28571429,weeks,m,head_circ,cm,1,34.97962629,0.037686299
fenton_2025,39.42857143,weeks,m,head_circ,cm,1,35.05593803,0.037476694
fenton_2025,39.57142857,weeks,m,head_circ,cm,1,35.13164446,0.037268916
fenton_2025,39.71428571,weeks,m,head_circ,cm,1,35.20675448,0.037062936
fenton_2025,39.85714286,weeks,m,head_circ,cm,1,35.28127699,0.036858727
fenton_2025,40,weeks,m,head_circ,cm,1,35.3552209,0.036656262
fenton_2025,40.14285714,weeks,m,head_circ,cm,1,35.42859511,0.036455513
fenton_2025,40.28571429,weeks,m,head_circ,cm,1,35.50140853,0.036256454
fenton_2025,40.42857143,weeks,m,head_circ,cm,1,35.57367006,0.036059058
fenton_2025,40.57142857,weeks,m,head_circ,cm,1,35.64538862,0.035863298
fenton_2025,40.71428571,weeks,m,head_circ,cm,1,35.71657344,0.03566914
fenton_2025,40.85714286,weeks,m,head_circ,cm,1,35.78723408,0.035476545
fenton_2025,41,weeks,m,head_circ,cm,1,35.8573801,0.035285475
fenton_2025,41.14285714,weeks,m,head_circ,cm,1,35.92702106,0.03509589
fenton_2025,41.28571429,weeks,m,head_circ,cm,1,35.99616654,0.034907751
fenton_2025,41.42857143,weeks,m,head_circ,cm,1,36.06482611,0.034721019
fenton_2025,41.57142857,weeks,m,head_circ,cm,1,36.13300905,0.034535656
fenton_2025,41.71428571,weeks,m,head_circ,cm,1,36.20071862,0.034351642
fenton_2025,41.85714286,weeks,m,head_circ,cm,1,36.267952,0.034168977
fenton_2025,42,weeks,m,head_circ,cm,1,36.33470612,0.03398766
fenton_2025,42.14285714,weeks,m,head_circ,cm,1,36.40097789,0.033807693
fenton_2025,42.28571429,weeks,m,head_circ,cm,1,36.46676425,0.033629076
fenton_2025,42.42857143,weeks,m,head_circ,cm,1,36.5320621,0.033451808
fenton_2025,42.57142857,weeks,m,head_circ,cm,1,36.59686856,0.033275902
fenton_2025,42.71428571,weeks,m,head_circ,cm,1,36.66118486,0.03310163
fenton_2025,42.85714286,weeks,m,head_circ,cm,1,36.72501637,0.032929525
fenton_2025,43,weeks,m,head_circ,cm,1,36.78836864,0.032760131
fenton_2025,43.14285714,weeks,m,head_circ,cm,1,36.85124722,0.032593992
fenton_2025,43.28571429,weeks,m,head_circ,cm,1,36.91365766,0.032431652
fenton_2025,43.42857143,weeks,m,head_circ,cm,1,36.9756055,0.032273656
fenton_2025,43.57142857,weeks,m,head_circ,cm,1,37.03709586,0.032120554
fenton_2025,43.71428571,weeks,m,head_circ,cm,1,37.09812365,0.031973029
fenton_2025,43.85714286,weeks,m,head_circ,cm,1,37.15867358,0.031831899
fenton_2025,44,weeks,m,head_circ,cm,1,37.21872993,0.031697986
fenton_2025,44.14285714,weeks,m,head_circ,cm,1,37.27827697,0.031572113
fenton_2025,44.28571429,weeks,m,head_circ,cm,1,37.33729897,0.031455103
fenton_2025,44.42857143,weeks,m,head_circ,cm,1,37.39578022,0.031347779
fenton_2025,44.57142857,weeks,m,head_circ,cm,1,37.45370613,0.031250932
fenton_2025,44.71428571,weeks,m,head_circ,cm,1,37.51108836,0.031164628
fenton_2025,44.85714286,weeks,m,head_circ,cm,1,37.56796482,0.031088211
fenton_2025,45,weeks,m,head_circ,cm,1,37.62437455,0.031020991
fenton_2025,45.14285714,weeks,m,head_circ,cm,1,37.68035662,0.030962278
fenton_2025,45.28571429,weeks,m,head_circ,cm,1,37.73595007,0.030911382
fenton_2025,45.42857143,weeks,m,head_circ,cm,1,37.79119395,0.030867616
fenton_2025,45.57142857,weeks,m,head_circ,cm,1,37.84612733,0.030830268
fenton_2025,45.71428571,weeks,m,head_circ,cm,1,37.9007896,0.030798171
fenton_2025,45.85714286,weeks,m,head_circ,cm,1,37.95522049,0.030769699
fenton_2025,46,weeks,m,head_circ,cm,1,38.00945973,0.030743204
fenton_2025,46.14285714,weeks,m,head_circ,cm,1,38.06354706,0.03071704
fenton_2025,46.28571429,weeks,m,head_circ,cm,1,38.11752222,0.03068956
fenton_2025,46.42857143,weeks,m,head_circ,cm,1,38.17142495,0.030659118
fenton_2025,46.57142857,weeks,m,head_circ,cm,1,38.22528978,0.030624127
fenton_2025,46.71428571,weeks,m,head_circ,cm,1,38.27903165,0.030584374
fenton_2025,46.85714286,weeks,m,head_circ,cm,1,38.33244588,0.030541024
fenton_2025,47,weeks,m,head_circ,cm,1,38.3853226,0.030495297
fenton_2025,47.14285714,weeks,m,head_circ,cm,1,38.43745192,0.030448419
fenton_2025,47.28571429,weeks,m,head_circ,cm,1,38.48862398,0.03040161
fenton_2025,47.42857143,weeks,m,head_circ,cm,1,38.5386289,0.030356095
fenton_2025,47.57142857,weeks,m,head_circ,cm,1,38.58726659,0.030313061
fenton_2025,47.71428571,weeks,m,head_circ,cm,1,38.634562,0.030272878
fenton_2025,47.85714286,weeks,m,head_circ,cm,1,38.68076514,0.0302351
fenton_2025,48,weeks,m,head_circ,cm,1,38.72613578,0.030199247
fenton_2025,48.14285714,weeks,m,head_circ,cm,1,38.77093373,0.030164838
fenton_2025,48.28571429,weeks,m,head_circ,cm,1,38.81541876,0.03013139
fenton_2025,48.42857143,weeks,m,head_circ,cm,1,38.85985066,0.030098424
fenton_2025,48.57142857,weeks,m,head_circ,cm,1,38.90448763,0.030065464
fenton_2025,48.71428571,weeks,m,head_circ,cm,1,38.94955111,0.030032186
fenton_2025,48.85714286,weeks,m,head_circ,cm,1,38.99522586,0.029998412
fenton_2025,49,weeks,m,head_circ,cm,1,39.04169501,0.029963976
fenton_2025,49.14285714,weeks,m,head_circ,cm,1,39.0891417,0.029928706
fenton_2025,49.28571429,weeks,m,head_circ,cm,1,39.13774907,0.029892434
fenton_2025,49.42857143,weeks,m,head_circ,cm,1,39.18770026,0.029854991
fenton_2025,49.57142857,weeks,m,head_circ,cm,1,39.23916496,0.029816219
fenton_2025,49.71428571,weeks,m,head_circ,cm,1,39.29200352,0.029776238
fenton_2025,49.85714286,weeks,m,head_circ,cm,1,39.34576695,0.029735443
fenton_2025,50,weeks,m,head_circ,cm,1,39.39999283,0.02969424
fenton_2025,23.5,weeks,m,length,cm,1,30.07311402,0.078921893
fenton_2025,23.57142857,weeks,m,length,cm,1,30.17576478,0.078744375
fenton_2025,23.71428571,weeks,m,length,cm,1,30.38104398,0.078389352
fenton_2025,23.85714286,weeks,m,length,cm,1,30.58625622,0.078034371
fenton_2025,24,weeks,m,length,cm,1,30.79135685,0.077679456
fenton_2025,24.14285714,weeks,m,length,cm,1,30.99630123,0.077324636
fenton_2025,24.28571429,weeks,m,length,cm,1,31.20104472,0.076969938
fenton_2025,24.42857143,weeks,m,length,cm,1,31.40554267,0.076615387
fenton_2025,24.57142857,weeks,m,length,cm,1,31.60975461,0.076261012
fenton_2025,24.71428571,weeks,m,length,cm,1,31.81373573,0.075906839
fenton_2025,24.85714286,weeks,m,length,cm,1,32.01763692,0.075552896
fenton_2025,25,weeks,m,length,cm,1,32.22161322,0.075199208
fenton_2025,25.14285714,weeks,m,length,cm,1,32.42581968,0.074845804
fenton_2025,25.28571429,weeks,m,length,cm,1,32.63041135,0.07449271
fenton_2025,25.42857143,weeks,m,length,cm,1,32.83554326,0.074139952
fenton_2025,25.57142857,weeks,m,length,cm,1,33.04136774,0.073787559
fenton_2025,25.71428571,weeks,m,length,cm,1,33.2479743,0.073435557
fenton_2025,25.85714286,weeks,m,length,cm,1,33.45538966,0.073083972
fenton_2025,26,weeks,m,length,cm,1,33.6636378,0.072732833
fenton_2025,26.14285714,weeks,m,length,cm,1,33.87274272,0.072382165
fenton_2025,26.28571429,weeks,m,length,cm,1,34.0827284,0.072031996
fenton_2025,26.42857143,weeks,m,length,cm,1,34.29361882,0.071682353
fenton_2025,26.57142857,weeks,m,length,cm,1,34.50543183,0.071333263
fenton_2025,26.71428571,weeks,m,length,cm,1,34.71804405,0.070984753
fenton_2025,26.85714286,weeks,m,length,cm,1,34.93119083,0.070636849
fenton_2025,27,weeks,m,length,cm,1,35.14460141,0.070289578
fenton_2025,27.14285714,weeks,m,length,cm,1,35.35800502,0.069942969
fenton_2025,27.28571429,weeks,m,length,cm,1,35.57113087,0.069597047
fenton_2025,27.42857143,weeks,m,length,cm,1,35.78370821,0.069251839
fenton_2025,27.57142857,weeks,m,length,cm,1,35.99547466,0.068907373
fenton_2025,27.71428571,weeks,m,length,cm,1,36.2063611,0.068563675
fenton_2025,27.85714286,weeks,m,length,cm,1,36.41649167,0.068220773
fenton_2025,28,weeks,m,length,cm,1,36.6259989,0.067878693
fenton_2025,28.14285714,weeks,m,length,cm,1,36.83501533,0.067537463
fenton_2025,28.28571429,weeks,m,length,cm,1,37.04367349,0.067197109
fenton_2025,28.42857143,weeks,m,length,cm,1,37.25210593,0.066857658
fenton_2025,28.57142857,weeks,m,length,cm,1,37.46044067,0.066519137
fenton_2025,28.71428571,weeks,m,length,cm,1,37.66870204,0.066181574
fenton_2025,28.85714286,weeks,m,length,cm,1,37.87681067,0.065844994
fenton_2025,29,weeks,m,length,cm,1,38.0846827,0.065509426
fenton_2025,29.14285714,weeks,m,length,cm,1,38.29223424,0.065174896
fenton_2025,29.28571429,weeks,m,length,cm,1,38.49938142,0.064841431
fenton_2025,29.42857143,weeks,m,length,cm,1,38.70604036,0.064509058
fenton_2025,29.57142857,weeks,m,length,cm,1,38.91212768,0.064177804
fenton_2025,29.71428571,weeks,m,length,cm,1,39.11757115,0.063847696
fenton_2025,29.85714286,weeks,m,length,cm,1,39.32230968,0.06351876
fenton_2025,30,weeks,m,length,cm,1,39.52628269,0.063191025
fenton_2025,30.14285714,weeks,m,length,cm,1,39.72942957,0.062864516
fenton_2025,30.28571429,weeks,m,length,cm,1,39.93168975,0.062539262
fenton_2025,30.42857143,weeks,m,length,cm,1,40.13300264,0.062215288
fenton_2025,30.57142857,weeks,m,length,cm,1,40.33330891,0.061892621
fenton_2025,30.71428571,weeks,m,length,cm,1,40.53257876,0.06157129
fenton_2025,30.85714286,weeks,m,length,cm,1,40.73081185,0.06125132
fenton_2025,31,weeks,m,length,cm,1,40.92800916,0.060932739
fenton_2025,31.14285714,weeks,m,length,cm,1,41.12417162,0.060615573
fenton_2025,31.28571429,weeks,m,length,cm,1,41.31930021,0.06029985
fenton_2025,31.42857143,weeks,m,length,cm,1,41.51339588,0.059985596
fenton_2025,31.57142857,weeks,m,length,cm,1,41.70646143,0.059672839
fenton_2025,31.71428571,weeks,m,length,cm,1,41.89854239,0.059361605
fenton_2025,31.85714286,weeks,m,length,cm,1,42.08972694,0.059051921
fenton_2025,32,weeks,m,length,cm,1,42.28010514,0.058743815
fenton_2025,32.14285714,weeks,m,length,cm,1,42.46976705,0.058437313
fenton_2025,32.28571429,weeks,m,length,cm,1,42.65880272,0.058132443
fenton_2025,32.42857143,weeks,m,length,cm,1,42.8473022,0.057829231
fenton_2025,32.57142857,weeks,m,length,cm,1,43.03535158,0.057527704
fenton_2025,32.71428571,weeks,m,length,cm,1,43.22294547,0.057227889
fenton_2025,32.85714286,weeks,m,length,cm,1,43.40998705,0.056929813
fenton_2025,33,weeks,m,length,cm,1,43.59637549,0.056633503
fenton_2025,33.14285714,weeks,m,length,cm,1,43.78201,0.056338987
fenton_2025,33.28571429,weeks,m,length,cm,1,43.96678975,0.05604629
fenton_2025,33.42857143,weeks,m,length,cm,1,44.15061394,0.05575544
fenton_2025,33.57142857,weeks,m,length,cm,1,44.33338054,0.055466465
fenton_2025,33.71428571,weeks,m,length,cm,1,44.51495954,0.05517939
fenton_2025,33.85714286,weeks,m,length,cm,1,44.69519298,0.054894243
fenton_2025,34,weeks,m,length,cm,1,44.87392165,0.054611051
fenton_2025,34.14285714,weeks,m,length,cm,1,45.05098637,0.054329841
fenton_2025,34.28571429,weeks,m,length,cm,1,45.22622794,0.054050639
fenton_2025,34.42857143,weeks,m,length,cm,1,45.39948716,0.053773474
fenton_2025,34.57142857,weeks,m,length,cm,1,45.57061398,0.053498371
fenton_2025,34.71428571,weeks,m,length,cm,1,45.73966807,0.053225357
fenton_2025,34.85714286,weeks,m,length,cm,1,45.90691889,0.05295446
fenton_2025,35,weeks,m,length,cm,1,46.07264503,0.052685707
fenton_2025,35.14285714,weeks,m,length,cm,1,46.23712505,0.052419124
fenton_2025,35.28571429,weeks,m,length,cm,1,46.40063753,0.052154739
fenton_2025,35.42857143,weeks,m,length,cm,1,46.56346105,0.051892579
fenton_2025,35.57142857,weeks,m,length,cm,1,46.72585921,0.051632669
fenton_2025,35.71428571,weeks,m,length,cm,1,46.88775123,0.051375038
fenton_2025,35.85714286,weeks,m,length,cm,1,47.04871194,0.051119713
fenton_2025,36,weeks,m,length,cm,1,47.2083012,0.05086672
fenton_2025,36.14285714,weeks,m,length,cm,1,47.36607887,0.050616086
fenton_2025,36.28571429,weeks,m,length,cm,1,47.52160481,0.050367838
fenton_2025,36.42857143,weeks,m,length,cm,1,47.67443888,0.050122004
fenton_2025,36.57142857,weeks,m,length,cm,1,47.82415762,0.049878608
fenton_2025,36.71428571,weeks,m,length,cm,1,47.97072101,0.049637653
fenton_2025,36.85714286,weeks,m,length,cm,1,48.1144725,0.049399114
fenton_2025,37,weeks,m,length,cm,1,48.25577222,0.049162966
fenton_2025,37.14285714,weeks,m,length,cm,1,48.3949803,0.048929184
fenton_2025,37.28571429,weeks,m,length,cm,1,48.53245685,0.048697743
fenton_2025,37.42857143,weeks,m,length,cm,1,48.668562,0.048468618
fenton_2025,37.57142857,weeks,m,length,cm,1,48.80364922,0.048241783
fenton_2025,37.71428571,weeks,m,length,cm,1,48.93791874,0.048017215
fenton_2025,37.85714286,weeks,m,length,cm,1,49.07141757,0.047794888
fenton_2025,38,weeks,m,length,cm,1,49.20418607,0.047574776
fenton_2025,38.14285714,weeks,m,length,cm,1,49.33626458,0.047356855
fenton_2025,38.28571429,weeks,m,length,cm,1,49.46769346,0.0471411
fenton_2025,38.42857143,weeks,m,length,cm,1,49.59851306,0.046927485
fenton_2025,38.57142857,weeks,m,length,cm,1,49.72876311,0.046715986
fenton_2025,38.71428571,weeks,m,length,cm,1,49.85846918,0.046506578
fenton_2025,38.85714286,weeks,m,length,cm,1,49.98764262,0.046299235
fenton_2025,39,weeks,m,length,cm,1,50.11629421,0.046093933
fenton_2025,39.14285714,weeks,m,length,cm,1,50.24443469,0.045890647
fenton_2025,39.28571429,weeks,m,length,cm,1,50.37207483,0.04568935
fenton_2025,39.42857143,weeks,m,length,cm,1,50.49922539,0.04549002
fenton_2025,39.57142857,weeks,m,length,cm,1,50.62589709,0.045292629
fenton_2025,39.71428571,weeks,m,length,cm,1,50.75210011,0.045097154
fenton_2025,39.85714286,weeks,m,length,cm,1,50.87784405,0.04490357
fenton_2025,40,weeks,m,length,cm,1,51.0031385,0.04471185
fenton_2025,40.14285714,weeks,m,length,cm,1,51.12799304,0.044521971
fenton_2025,40.28571429,weeks,m,length,cm,1,51.25241726,0.044333907
fenton_2025,40.42857143,weeks,m,length,cm,1,51.37642073,0.044147634
fenton_2025,40.57142857,weeks,m,length,cm,1,51.50001294,0.043963125
fenton_2025,40.71428571,weeks,m,length,cm,1,51.62320079,0.043780356
fenton_2025,40.85714286,weeks,m,length,cm,1,51.74598867,0.043599303
fenton_2025,41,weeks,m,length,cm,1,51.86838085,0.043419939
fenton_2025,41.14285714,weeks,m,length,cm,1,51.99038157,0.043242241
fenton_2025,41.28571429,weeks,m,length,cm,1,52.11199512,0.043066182
fenton_2025,41.42857143,weeks,m,length,cm,1,52.23322575,0.042891739
fenton_2025,41.57142857,weeks,m,length,cm,1,52.354078,0.042718885
fenton_2025,41.71428571,weeks,m,length,cm,1,52.47456265,0.042547596
fenton_2025,41.85714286,weeks,m,length,cm,1,52.5946967,0.042377847
fenton_2025,42,weeks,m,length,cm,1,52.71449745,0.042209613
fenton_2025,42.14285714,weeks,m,length,cm,1,52.83398219,0.042042868
fenton_2025,42.28571429,weeks,m,length,cm,1,52.95316819,0.041877588
fenton_2025,42.42857143,weeks,m,length,cm,1,53.07207275,0.041713748
fenton_2025,42.57142857,weeks,m,length,cm,1,53.19071221,0.041551322
fenton_2025,42.71428571,weeks,m,length,cm,1,53.30908119,0.041390286
fenton_2025,42.85714286,weeks,m,length,cm,1,53.42715257,0.041230614
fenton_2025,43,weeks,m,length,cm,1,53.54489829,0.041072282
fenton_2025,43.14285714,weeks,m,length,cm,1,53.6622903,0.040915264
fenton_2025,43.28571429,weeks,m,length,cm,1,53.77930054,0.040759536
fenton_2025,43.42857143,weeks,m,length,cm,1,53.89590094,0.040605072
fenton_2025,43.57142857,weeks,m,length,cm,1,54.01206744,0.040451848
fenton_2025,43.71428571,weeks,m,length,cm,1,54.12786742,0.040299838
fenton_2025,43.85714286,weeks,m,length,cm,1,54.24345971,0.040149017
fenton_2025,44,weeks,m,length,cm,1,54.35900716,0.03999936
fenton_2025,44.14285714,weeks,m,length,cm,1,54.47467257,0.039850843
fenton_2025,44.28571429,weeks,m,length,cm,1,54.59061877,0.039703439
fenton_2025,44.42857143,weeks,m,length,cm,1,54.70700859,0.039557125
fenton_2025,44.57142857,weeks,m,length,cm,1,54.82400098,0.039411875
fenton_2025,44.71428571,weeks,m,length,cm,1,54.94166558,0.039267664
fenton_2025,44.85714286,weeks,m,length,cm,1,55.05998279,0.039124467
fenton_2025,45,weeks,m,length,cm,1,55.1789291,0.038982259
fenton_2025,45.14285714,weeks,m,length,cm,1,55.29848101,0.038841014
fenton_2025,45.28571429,weeks,m,length,cm,1,55.41861502,0.038700709
fenton_2025,45.42857143,weeks,m,length,cm,1,55.53930763,0.038561318
fenton_2025,45.57142857,weeks,m,length,cm,1,55.66052757,0.038422816
fenton_2025,45.71428571,weeks,m,length,cm,1,55.78206498,0.038285177
fenton_2025,45.85714286,weeks,m,length,cm,1,55.90353143,0.038148377
fenton_2025,46,weeks,m,length,cm,1,56.02453069,0.038012391
fenton_2025,46.14285714,weeks,m,length,cm,1,56.14466655,0.037877194
fenton_2025,46.28571429,weeks,m,length,cm,1,56.2635428,0.037742759
fenton_2025,46.42857143,weeks,m,length,cm,1,56.38076324,0.037609064
fenton_2025,46.57142857,weeks,m,length,cm,1,56.49594706,0.037476081
fenton_2025,46.71428571,weeks,m,length,cm,1,56.60906818,0.037343787
fenton_2025,46.85714286,weeks,m,length,cm,1,56.7204552,0.037212157
fenton_2025,47,weeks,m,length,cm,1,56.83045216,0.037081165
fenton_2025,47.14285714,weeks,m,length,cm,1,56.93940307,0.036950786
fenton_2025,47.28571429,weeks,m,length,cm,1,57.04765198,0.036820997
fenton_2025,47.42857143,weeks,m,length,cm,1,57.1555429,0.036691772
fenton_2025,47.57142857,weeks,m,length,cm,1,57.26341279,0.036563087
fenton_2025,47.71428571,weeks,m,length,cm,1,57.37143604,0.036434915
fenton_2025,47.85714286,weeks,m,length,cm,1,57.47962441,0.036307232
fenton_2025,48,weeks,m,length,cm,1,57.58798263,0.036180011
fenton_2025,48.14285714,weeks,m,length,cm,1,57.69651541,0.036053226
fenton_2025,48.28571429,weeks,m,length,cm,1,57.80522746,0.035926853
fenton_2025,48.42857143,weeks,m,length,cm,1,57.9141235,0.035800864
fenton_2025,48.57142857,weeks,m,length,cm,1,58.02319814,0.035675235
fenton_2025,48.71428571,weeks,m,length,cm,1,58.13221398,0.03554994
fenton_2025,48.85714286,weeks,m,length,cm,1,58.24070156,0.035424959
fenton_2025,49,weeks,m,length,cm,1,58.34818134,0.035300269
fenton_2025,49.14285714,weeks,m,length,cm,1,58.45417377,0.035175847
fenton_2025,49.28571429,weeks,m,length,cm,1,58.5581993,0.035051672
fenton_2025,49.42857143,weeks,m,length,cm,1,58.65977841,0.034927722
fenton_2025,49.57142857,weeks,m,length,cm,1,58.75846036,0.034803973
fenton_2025,49.71428571,weeks,m,length,cm,1,58.85445766,0.034680388
fenton_2025,49.85714286,weeks,m,length,cm,1,58.94864595,0.034556912
fenton_2025,50,weeks,m,length,cm,1,59.04192974,0.03443349
fenton_2025,22.5,weeks,m,weight,g,1.00075702,505.9056278,0.144962782
fenton_2025,22.57142857,weeks,m,weight,g,1.005406926,511.4692554,0.14473422
fenton_2025,22.71428571,weeks,m,weight,g,1.016211997,524.4196554,0.144204239
fenton_2025,22.85714286,weeks,m,weight,g,1.026990726,537.4057232,0.143678993
fenton_2025,23,weeks,m,weight,g,1.037725551,550.4512374,0.143161639
fenton_2025,23.14285714,weeks,m,weight,g,1.048398911,563.5799765,0.142655333
fenton_2025,23.28571429,weeks,m,weight,g,1.058993244,576.8157191,0.142163233
fenton_2025,23.42857143,weeks,m,weight,g,1.069490988,590.1822436,0.141688495
fenton_2025,23.57142857,weeks,m,weight,g,1.079874582,603.7033286,0.141234275
fenton_2025,23.71428571,weeks,m,weight,g,1.090126464,617.4027528,0.14080373
fenton_2025,23.85714286,weeks,m,weight,g,1.100229073,631.3042945,0.140400018
fenton_2025,24,weeks,m,weight,g,1.110164848,645.4317324,0.140026295
fenton_2025,24.14285714,weeks,m,weight,g,1.119916226,659.808845,0.139685717
fenton_2025,24.28571429,weeks,m,weight,g,1.129465646,674.4594108,0.139381441
fenton_2025,24.42857143,weeks,m,weight,g,1.138795546,689.4072085,0.139116625
fenton_2025,24.57142857,weeks,m,weight,g,1.147888366,704.6752642,0.13889431
fenton_2025,24.71428571,weeks,m,weight,g,1.156726543,720.2693032,0.138714917
fenton_2025,24.85714286,weeks,m,weight,g,1.165292516,736.1777496,0.138576242
fenton_2025,25,weeks,m,weight,g,1.173568724,752.3882752,0.138475971
fenton_2025,25.14285714,weeks,m,weight,g,1.181537604,768.8885518,0.138411784
fenton_2025,25.28571429,weeks,m,weight,g,1.189181595,785.6662512,0.138381367
fenton_2025,25.42857143,weeks,m,weight,g,1.196483136,802.7090454,0.138382402
fenton_2025,25.57142857,weeks,m,weight,g,1.203417695,820.004606,0.138412573
fenton_2025,25.71428571,weeks,m,weight,g,1.209800415,837.540605,0.138469562
fenton_2025,25.85714286,weeks,m,weight,g,1.215286118,855.3047143,0.138551054
fenton_2025,26,weeks,m,weight,g,1.219522652,873.2846055,0.138654731
fenton_2025,26.14285714,weeks,m,weight,g,1.222157869,891.4679507,0.138778277
fenton_2025,26.28571429,weeks,m,weight,g,1.222839618,909.8424215,0.138919376
fenton_2025,26.42857143,weeks,m,weight,g,1.221215748,928.3956899,0.139075709
fenton_2025,26.57142857,weeks,m,weight,g,1.216934111,947.1154276,0.139244962
fenton_2025,26.71428571,weeks,m,weight,g,1.209642555,965.9893066,0.139424816
fenton_2025,26.85714286,weeks,m,weight,g,1.19898893,985.0049986,0.139612956
fenton_2025,27,weeks,m,weight,g,1.184621087,1004.150175,0.139807064
fenton_2025,27.14285714,weeks,m,weight,g,1.166186876,1023.412509,0.140004825
fenton_2025,27.28571429,weeks,m,weight,g,1.143334146,1042.779671,0.140203921
fenton_2025,27.42857143,weeks,m,weight,g,1.115710747,1062.239334,0.140402035
fenton_2025,27.57142857,weeks,m,weight,g,1.082982053,1081.7797,0.140596901
fenton_2025,27.71428571,weeks,m,weight,g,1.045216489,1101.401192,0.140787388
fenton_2025,27.85714286,weeks,m,weight,g,1.002885527,1121.116453,0.140973506
fenton_2025,28,weeks,m,weight,g,0.956478167,1140.938658,0.141155313
fenton_2025,28.14285714,weeks,m,weight,g,0.906483407,1160.880979,0.141332866
fenton_2025,28.28571429,weeks,m,weight,g,0.853390243,1180.95659,0.141506224
fenton_2025,28.42857143,weeks,m,weight,g,0.797687676,1201.178666,0.141675444
fenton_2025,28.57142857,weeks,m,weight,g,0.739864702,1221.560381,0.141840584
fenton_2025,28.71428571,weeks,m,weight,g,0.68041032,1242.114907,0.142001703
fenton_2025,28.85714286,weeks,m,weight,g,0.619813527,1262.85542,0.142158858
fenton_2025,29,weeks,m,weight,g,0.558563323,1283.795093,0.142312107
fenton_2025,29.14285714,weeks,m,weight,g,0.497148704,1304.9471,0.142461509
fenton_2025,29.28571429,weeks,m,weight,g,0.43605867,1326.324614,0.142607121
fenton_2025,29.42857143,weeks,m,weight,g,0.375782218,1347.940811,0.142749001
fenton_2025,29.57142857,weeks,m,weight,g,0.316808346,1369.808862,0.142887207
fenton_2025,29.71428571,weeks,m,weight,g,0.259626052,1391.941944,0.143021797
fenton_2025,29.85714286,weeks,m,weight,g,0.204724334,1414.353228,0.143152829
fenton_2025,30,weeks,m,weight,g,0.152592191,1437.05589,0.143280362
fenton_2025,30.14285714,weeks,m,weight,g,0.103718621,1460.063103,0.143404452
fenton_2025,30.28571429,weeks,m,weight,g,0.058592621,1483.388041,0.143525159
fenton_2025,30.42857143,weeks,m,weight,g,0.01770319,1507.043878,0.143642539
fenton_2025,30.57142857,weeks,m,weight,g,-0.01847676,1531.043633,0.143756615
fenton_2025,30.71428571,weeks,m,weight,g,-0.049844298,1555.396785,0.143866561
fenton_2025,30.85714286,weeks,m,weight,g,-0.076666473,1580.10927,0.143970711
fenton_2025,31,weeks,m,weight,g,-0.09922642,1605.18687,0.144067356
fenton_2025,31.14285714,weeks,m,weight,g,-0.117807273,1630.635366,0.144154793
fenton_2025,31.28571429,weeks,m,weight,g,-0.132692169,1656.460541,0.144231314
fenton_2025,31.42857143,weeks,m,weight,g,-0.144164242,1682.668177,0.144295214
fenton_2025,31.57142857,weeks,m,weight,g,-0.152506626,1709.264055,0.144344788
fenton_2025,31.71428571,weeks,m,weight,g,-0.158002458,1736.253959,0.144378329
fenton_2025,31.85714286,weeks,m,weight,g,-0.160934872,1763.643668,0.144394133
fenton_2025,32,weeks,m,weight,g,-0.161587004,1791.438967,0.144390492
fenton_2025,32.14285714,weeks,m,weight,g,-0.160241988,1819.645636,0.144365701
fenton_2025,32.28571429,weeks,m,weight,g,-0.157182959,1848.269458,0.144318055
fenton_2025,32.42857143,weeks,m,weight,g,-0.152693053,1877.316214,0.144245847
fenton_2025,32.57142857,weeks,m,weight,g,-0.147051542,1906.790958,0.14414744
fenton_2025,32.71428571,weeks,m,weight,g,-0.140448882,1936.681953,0.14402274
fenton_2025,32.85714286,weeks,m,weight,g,-0.132986706,1966.96068,0.1438732
fenton_2025,33,weeks,m,weight,g,-0.124762789,1997.597885,0.14370034
fenton_2025,33.14285714,weeks,m,weight,g,-0.115874902,2028.564319,0.143505682
fenton_2025,33.28571429,weeks,m,weight,g,-0.106420821,2059.83073,0.143290744
fenton_2025,33.42857143,weeks,m,weight,g,-0.096498317,2091.367866,0.143057047
fenton_2025,33.57142857,weeks,m,weight,g,-0.086205164,2123.146477,0.142806112
fenton_2025,33.71428571,weeks,m,weight,g,-0.075639135,2155.137311,0.142539458
fenton_2025,33.85714286,weeks,m,weight,g,-0.064898004,2187.311116,0.142258606
fenton_2025,34,weeks,m,weight,g,-0.054079543,2219.638641,0.141965076
fenton_2025,34.14285714,weeks,m,weight,g,-0.043281526,2252.090636,0.141660388
fenton_2025,34.28571429,weeks,m,weight,g,-0.032601726,2284.637849,0.141346063
fenton_2025,34.42857143,weeks,m,weight,g,-0.022137916,2317.251028,0.14102362
fenton_2025,34.57142857,weeks,m,weight,g,-0.01198787,2349.900922,0.14069458
fenton_2025,34.71428571,weeks,m,weight,g,-0.00224936,2382.55828,0.140360462
fenton_2025,34.85714286,weeks,m,weight,g,0.00697984,2415.193851,0.140022788
fenton_2025,35,weeks,m,weight,g,0.015601956,2447.778383,0.139683078
fenton_2025,35.14285714,weeks,m,weight,g,0.023519217,2480.282625,0.139342851
fenton_2025,35.28571429,weeks,m,weight,g,0.030633848,2512.677326,0.139003627
fenton_2025,35.42857143,weeks,m,weight,g,0.036848077,2544.933234,0.138666928
fenton_2025,35.57142857,weeks,m,weight,g,0.042067986,2577.022011,0.138334241
fenton_2025,35.71428571,weeks,m,weight,g,0.046288359,2608.936306,0.138006305
fenton_2025,35.85714286,weeks,m,weight,g,0.049592679,2640.689758,0.137683114
fenton_2025,36,weeks,m,weight,g,0.052068285,2672.296916,0.137364627
fenton_2025,36.14285714,weeks,m,weight,g,0.053802519,2703.772332,0.137050805
fenton_2025,36.28571429,weeks,m,weight,g,0.054882719,2735.130556,0.136741608
fenton_2025,36.42857143,weeks,m,weight,g,0.055396224,2766.386138,0.136436996
fenton_2025,36.57142857,weeks,m,weight,g,0.055430376,2797.553629,0.136136929
fenton_2025,36.71428571,weeks,m,weight,g,0.055072513,2828.64758,0.135841367
fenton_2025,36.85714286,weeks,m,weight,g,0.054409975,2859.68254,0.135550271
fenton_2025,37,weeks,m,weight,g,0.053530102,2890.673062,0.135263599
fenton_2025,37.14285714,weeks,m,weight,g,0.052520233,2921.633694,0.134981314
fenton_2025,37.28571429,weeks,m,weight,g,0.05146771,2952.578989,0.134703373
fenton_2025,37.42857143,weeks,m,weight,g,0.05045987,2983.523495,0.134429739
fenton_2025,37.57142857,weeks,m,weight,g,0.049582144,3014.48145,0.13416037
fenton_2025,37.71428571,weeks,m,weight,g,0.048876047,3045.459862,0.133895228
fenton_2025,37.85714286,weeks,m,weight,g,0.048339173,3076.458512,0.133634271
fenton_2025,38,weeks,m,weight,g,0.047967211,3107.476866,0.133377461
fenton_2025,38.14285714,weeks,m,weight,g,0.047755847,3138.51439,0.133124756
fenton_2025,38.28571429,weeks,m,weight,g,0.047700769,3169.570552,0.132876119
fenton_2025,38.42857143,weeks,m,weight,g,0.047797662,3200.644817,0.132631507
fenton_2025,38.57142857,weeks,m,weight,g,0.048042215,3231.736652,0.132390882
fenton_2025,38.71428571,weeks,m,weight,g,0.048430114,3262.845524,0.132154204
fenton_2025,38.85714286,weeks,m,weight,g,0.048957047,3293.970898,0.131921433
fenton_2025,39,weeks,m,weight,g,0.0496187,3325.112242,0.131692529
fenton_2025,39.14285714,weeks,m,weight,g,0.05041076,3356.269021,0.131467452
fenton_2025,39.28571429,weeks,m,weight,g,0.051328915,3387.440702,0.131246162
fenton_2025,39.42857143,weeks,m,weight,g,0.05236885,3418.626752,0.131028619
fenton_2025,39.57142857,weeks,m,weight,g,0.053526255,3449.826638,0.130814784
fenton_2025,39.71428571,weeks,m,weight,g,0.054796815,3481.039824,0.130604616
fenton_2025,39.85714286,weeks,m,weight,g,0.056176217,3512.265779,0.130398075
fenton_2025,40,weeks,m,weight,g,0.057660148,3543.503968,0.130195123
fenton_2025,40.14285714,weeks,m,weight,g,0.059244296,3574.753858,0.129995718
fenton_2025,40.28571429,weeks,m,weight,g,0.060924348,3606.014915,0.129799821
fenton_2025,40.42857143,weeks,m,weight,g,0.06269599,3637.286606,0.129607393
fenton_2025,40.57142857,weeks,m,weight,g,0.064554909,3668.568397,0.129418392
fenton_2025,40.71428571,weeks,m,weight,g,0.066496793,3699.859754,0.12923278
fenton_2025,40.85714286,weeks,m,weight,g,0.068517328,3731.160145,0.129050516
fenton_2025,41,weeks,m,weight,g,0.070612202,3762.469035,0.12887156
fenton_2025,41.14285714,weeks,m,weight,g,0.072777102,3793.785892,0.128695873
fenton_2025,41.28571429,weeks,m,weight,g,0.075007714,3825.11018,0.128523415
fenton_2025,41.42857143,weeks,m,weight,g,0.077299725,3856.441368,0.128354146
fenton_2025,41.57142857,weeks,m,weight,g,0.079648823,3887.77892,0.128188026
fenton_2025,41.71428571,weeks,m,weight,g,0.082050695,3919.122305,0.128025015
fenton_2025,41.85714286,weeks,m,weight,g,0.084501027,3950.470987,0.127865072
fenton_2025,42,weeks,m,weight,g,0.086995507,3981.824435,0.12770816
fenton_2025,42.14285714,weeks,m,weight,g,0.089529822,4013.182113,0.127554236
fenton_2025,42.28571429,weeks,m,weight,g,0.092099658,4044.543489,0.127403262
fenton_2025,42.42857143,weeks,m,weight,g,0.094700703,4075.908029,0.127255198
fenton_2025,42.57142857,weeks,m,weight,g,0.097328644,4107.275199,0.127110003
fenton_2025,42.71428571,weeks,m,weight,g,0.099979167,4138.644466,0.126967638
fenton_2025,42.85714286,weeks,m,weight,g,0.102647961,4170.015297,0.126828064
fenton_2025,43,weeks,m,weight,g,0.105330711,4201.387157,0.126691239
fenton_2025,43.14285714,weeks,m,weight,g,0.108023104,4232.759513,0.126557124
fenton_2025,43.28571429,weeks,m,weight,g,0.110720828,4264.131832,0.12642568
fenton_2025,43.42857143,weeks,m,weight,g,0.113419569,4295.50358,0.126296866
fenton_2025,43.57142857,weeks,m,weight,g,0.116115015,4326.874224,0.126170642
fenton_2025,43.71428571,weeks,m,weight,g,0.118802852,4358.243229,0.12604697
fenton_2025,43.85714286,weeks,m,weight,g,0.121478768,4389.610063,0.125925808
fenton_2025,44,weeks,m,weight,g,0.12413845,4420.974192,0.125807116
fenton_2025,44.14285714,weeks,m,weight,g,0.126777586,4452.335082,0.125690856
fenton_2025,44.28571429,weeks,m,weight,g,0.129391862,4483.6922,0.125576987
fenton_2025,44.42857143,weeks,m,weight,g,0.131976966,4515.045012,0.125465469
fenton_2025,44.57142857,weeks,m,weight,g,0.134528586,4546.392985,0.125356262
fenton_2025,44.71428571,weeks,m,weight,g,0.137042408,4577.735585,0.125249326
fenton_2025,44.85714286,weeks,m,weight,g,0.139514117,4609.072278,0.125144622
fenton_2025,45,weeks,m,weight,g,0.1419394,4640.402532,0.12504211
fenton_2025,45.14285714,weeks,m,weight,g,0.144313943,4671.725811,0.124941749
fenton_2025,45.28571429,weeks,m,weight,g,0.146633432,4703.041584,0.124843501
fenton_2025,45.42857143,weeks,m,weight,g,0.148893551,4734.349316,0.124747324
fenton_2025,45.57142857,weeks,m,weight,g,0.151090118,4765.648491,0.124653179
fenton_2025,45.71428571,weeks,m,weight,g,0.153221916,4796.938982,0.124561013
fenton_2025,45.85714286,weeks,m,weight,g,0.155290702,4828.221053,0.124470764
fenton_2025,46,weeks,m,weight,g,0.157298362,4859.494984,0.124382367
fenton_2025,46.14285714,weeks,m,weight,g,0.159246779,4890.761057,0.124295759
fenton_2025,46.28571429,weeks,m,weight,g,0.16113784,4922.019552,0.124210875
fenton_2025,46.42857143,weeks,m,weight,g,0.16297343,4953.270749,0.124127652
fenton_2025,46.57142857,weeks,m,weight,g,0.164755433,4984.51493,0.124046026
fenton_2025,46.71428571,weeks,m,weight,g,0.166485725,5015.752375,0.123965933
fenton_2025,46.85714286,weeks,m,weight,g,0.168166171,5046.983364,0.12388731
fenton_2025,47,weeks,m,weight,g,0.169798636,5078.208179,0.123810091
fenton_2025,47.14285714,weeks,m,weight,g,0.171384987,5109.4271,0.123734214
fenton_2025,47.28571429,weeks,m,weight,g,0.172927087,5140.640407,0.123659615
fenton_2025,47.42857143,weeks,m,weight,g,0.174426803,5171.848382,0.123586229
fenton_2025,47.57142857,weeks,m,weight,g,0.175886001,5203.051305,0.123513993
fenton_2025,47.71428571,weeks,m,weight,g,0.177306584,5234.249456,0.123442843
fenton_2025,47.85714286,weeks,m,weight,g,0.178690489,5265.443117,0.123372715
fenton_2025,48,weeks,m,weight,g,0.180039657,5296.632568,0.123303545
fenton_2025,48.14285714,weeks,m,weight,g,0.181356025,5327.818089,0.123235269
fenton_2025,48.28571429,weeks,m,weight,g,0.182641535,5358.999962,0.123167824
fenton_2025,48.42857143,weeks,m,weight,g,0.183898125,5390.178466,0.123101145
fenton_2025,48.57142857,weeks,m,weight,g,0.185127729,5421.353884,0.123035169
fenton_2025,48.71428571,weeks,m,weight,g,0.186332147,5452.526494,0.122969831
fenton_2025,48.85714286,weeks,m,weight,g,0.18751305,5483.696579,0.122905069
fenton_2025,49,weeks,m,weight,g,0.188672098,5514.864418,0.122840817
fenton_2025,49.14285714,weeks,m,weight,g,0.189810956,5546.030293,0.122777013
fenton_2025,49.28571429,weeks,m,weight,g,0.190931285,5577.194484,0.122713592
fenton_2025,49.42857143,weeks,m,weight,g,0.192034748,5608.357271,0.12265049
fenton_2025,49.57142857,weeks,m,weight,g,0.19312306,5639.518935,0.122587644
fenton_2025,49.71428571,weeks,m,weight,g,0.194199103,5670.679758,0.12252499
fenton_2025,49.85714286,weeks,m,weight,g,0.195266935,5701.840019,0.122462463
fenton_2025,50,weeks,m,weight,g,0.19633066,5733,0.1224